,link_stub,rank,title,domestic_gross_x,release_year,domestic_opening_gross,budget,domestic_gross_y,international_gross,worldwide_gross,runtime_minutes,rating,release_month,release_date,genres
Star Wars: Episode VII - The Force Awakens,/title/tt2488496/?ref_=bo_cso_table_1,1,Star Wars: Episode VII - The Force Awakens,"$936,662,225",2015,247966675,245000000,936662225,1131791908,2068454133,138.0,PG-13,12,2015-12-16,"['Action', 'Adventure', 'Sci-Fi']"
Avengers: Endgame,/title/tt4154796/?ref_=bo_cso_table_2,2,Avengers: Endgame,"$858,373,000",2019,357115007,356000000,858373000,1939427564,2797800564,181.0,PG-13,4,2019-04-24,"['Action', 'Adventure', 'Drama', 'Sci-Fi']"
Avatar,/title/tt0499549/?ref_=bo_cso_table_3,3,Avatar,"$760,507,625",2009,77025481,237000000,760507625,2029931467,2790439092,162.0,PG-13,12,2009-12-16,"['Action', 'Adventure', 'Fantasy', 'Sci-Fi']"
Black Panther,/title/tt1825683/?ref_=bo_cso_table_4,4,Black Panther,"$700,426,566",2018,202003951,0,700426566,647171407,1347597973,134.0,PG-13,2,2018-02-13,"['Action', 'Adventure', 'Sci-Fi']"
Avengers: Infinity War,/title/tt4154756/?ref_=bo_cso_table_5,5,Avengers: Infinity War,"$678,815,482",2018,257698183,0,678815482,1369544272,2048359754,149.0,PG-13,4,2018-04-25,"['Action', 'Adventure', 'Sci-Fi']"
Titanic,/title/tt0120338/?ref_=bo_cso_table_6,6,Titanic,"$659,363,944",1997,28638131,200000000,659363944,1812387978,2471751922,194.0,PG-13,12,1997-12-18,"['Drama', 'Romance']"
Jurassic World,/title/tt0369610/?ref_=bo_cso_table_7,7,Jurassic World,"$652,295,625",2015,208806270,150000000,652295625,1018130819,1670426444,124.0,PG-13,6,2015-06-10,"['Action', 'Adventure', 'Sci-Fi']"
The Avengers,/title/tt0848228/?ref_=bo_cso_table_8,8,The Avengers,"$623,357,910",2012,207438708,220000000,623357910,895457605,1518815515,143.0,PG-13,4,2012-04-25,"['Action', 'Adventure', 'Sci-Fi']"
Star Wars: Episode VIII - The Last Jedi,/title/tt2527336/?ref_=bo_cso_table_9,9,Star Wars: Episode VIII - The Last Jedi,"$620,181,382",2017,220009584,317000000,620181382,712516117,1332697499,152.0,PG-13,12,2017-12-13,"['Action', 'Adventure', 'Fantasy', 'Sci-Fi']"
Incredibles 2,/title/tt3606756/?ref_=bo_cso_table_10,10,Incredibles 2,"$608,581,744",2018,182687905,0,608581744,634507470,1243089214,118.0,PG,6,2018-06-14,"['Action', 'Adventure', 'Animation', 'Comedy', 'Family', 'Sci-Fi']"
The Lion King,/title/tt0110357/?ref_=bo_cso_table_28,28,The Lion King,"$422,783,777",1994,1586753,45000000,422783777,660936730,1083720507,88.0,G,6,1994-06-15,"['Adventure', 'Animation', 'Drama', 'Family', 'Musical']"
The Dark Knight,/title/tt0468569/?ref_=bo_cso_table_12,12,The Dark Knight,"$534,858,444",2008,158411483,185000000,534858444,471115201,1005973645,152.0,PG-13,7,2008-07-16,"['Action', 'Crime', 'Drama', 'Thriller']"
Rogue One: A Star Wars Story,/title/tt3748528/?ref_=bo_cso_table_13,13,Rogue One: A Star Wars Story,"$532,177,324",2016,155081681,200000000,532177324,523880396,1056057720,133.0,PG-13,12,2016-12-14,"['Action', 'Adventure', 'Sci-Fi']"
Star Wars: Episode IX - The Rise of Skywalker,/title/tt2527338/?ref_=bo_cso_table_14,14,Star Wars: Episode IX - The Rise of Skywalker,"$515,202,542",2019,177383864,275000000,515202542,558941706,1074144248,141.0,PG-13,12,2019-12-18,"['Action', 'Adventure', 'Fantasy', 'Sci-Fi']"
Beauty and the Beast,/title/tt0101414/?ref_=bo_cso_table_172,172,Beauty and the Beast,"$218,967,620",1991,162146,25000000,218967620,186043788,424967620,84.0,,11,1991-11-15,"['Animation', 'Family', 'Fantasy', 'Musical', 'Romance']"
Finding Dory,/title/tt2277860/?ref_=bo_cso_table_16,16,Finding Dory,"$486,295,561",2016,135060273,0,486295561,542275328,1028570889,97.0,PG,6,2016-06-15,"['Adventure', 'Animation', 'Comedy', 'Family']"
Frozen II,/title/tt4520988/?ref_=bo_cso_table_17,17,Frozen II,"$477,373,578",2019,130263358,150000000,477373578,972653355,1450026933,103.0,PG,11,2019-11-20,"['Adventure', 'Animation', 'Comedy', 'Family', 'Fantasy', 'Musical']"
Star Wars: Episode I - The Phantom Menace,/title/tt0120915/?ref_=bo_cso_table_18,18,Star Wars: Episode I - The Phantom Menace,"$474,544,677",1999,64820970,115000000,474544677,552538030,1027082707,136.0,PG,5,1999-05-19,"['Action', 'Adventure', 'Fantasy', 'Sci-Fi']"
Star Wars: Episode IV - A New Hope,/title/tt0076759/?ref_=bo_cso_table_19,19,Star Wars: Episode IV - A New Hope,"$460,998,507",1977,1554475,11000000,460998507,195751992,775398007,121.0,PG,5,1977-05-25,"['Action', 'Adventure', 'Fantasy', 'Sci-Fi']"
Avengers: Age of Ultron,/title/tt2395427/?ref_=bo_cso_table_20,20,Avengers: Age of Ultron,"$459,005,868",2015,191271109,250000000,459005868,943803672,1402809540,141.0,PG-13,4,2015-04-22,"['Action', 'Adventure', 'Sci-Fi']"
The Dark Knight Rises,/title/tt1345836/?ref_=bo_cso_table_21,21,The Dark Knight Rises,"$448,139,099",2012,160887295,250000000,448139099,633002336,1081141435,164.0,PG-13,7,2012-07-19,"['Action', 'Adventure']"
Shrek 2,/title/tt0298148/?ref_=bo_cso_table_22,22,Shrek 2,"$441,226,247",2004,108037878,150000000,441226247,487534523,928760770,93.0,PG,5,2004-05-19,"['Adventure', 'Animation', 'Comedy', 'Family', 'Fantasy', 'Romance']"
E.T. the Extra-Terrestrial,/title/tt0083866/?ref_=bo_cso_table_23,23,E.T. the Extra-Terrestrial,"$435,110,554",1982,11835389,10500000,435110554,304203888,792910554,115.0,PG,6,1982-06-11,"['Family', 'Sci-Fi']"
Toy Story 4,/title/tt1979376/?ref_=bo_cso_table_24,24,Toy Story 4,"$434,038,008",2019,120908065,200000000,434038008,639356585,1073394593,100.0,G,6,2019-06-20,"['Adventure', 'Animation', 'Comedy', 'Family', 'Fantasy']"
Captain Marvel,/title/tt4154664/?ref_=bo_cso_table_25,25,Captain Marvel,"$426,829,839",2019,153433423,160000000,426829839,701633133,1128462972,123.0,PG-13,3,2019-03-06,"['Action', 'Adventure', 'Sci-Fi']"
The Hunger Games: Catching Fire,/title/tt1951264/?ref_=bo_cso_table_26,26,The Hunger Games: Catching Fire,"$424,668,047",2013,158074286,130000000,424668047,440343699,865011746,146.0,PG-13,11,2013-11-15,"['Action', 'Adventure', 'Mystery', 'Sci-Fi', 'Thriller']"
Pirates of the Caribbean: Dead Man's Chest,/title/tt0383574/?ref_=bo_cso_table_27,27,Pirates of the Caribbean: Dead Man's Chest,"$423,315,812",2006,135634554,225000000,423315812,642863935,1066179747,151.0,PG-13,7,2006-07-06,"['Action', 'Adventure', 'Fantasy']"
Jurassic World: Fallen Kingdom,/title/tt4881806/?ref_=bo_cso_table_29,29,Jurassic World: Fallen Kingdom,"$417,719,760",2018,148024610,170000000,417719760,892744920,1310464680,128.0,PG-13,6,2018-06-06,"['Action', 'Adventure', 'Sci-Fi']"
Toy Story 3,/title/tt0435761/?ref_=bo_cso_table_30,30,Toy Story 3,"$415,004,880",2010,110307189,200000000,415004880,651965015,1066969895,103.0,,6,2010-06-16,"['Adventure', 'Animation', 'Comedy', 'Family', 'Fantasy']"
Wonder Woman,/title/tt0451279/?ref_=bo_cso_table_31,31,Wonder Woman,"$412,815,408",2017,103251471,149000000,412815408,409488097,822303505,141.0,PG-13,5,2017-05-30,"['Action', 'Adventure', 'Fantasy', 'Sci-Fi', 'War']"
Iron Man 3,/title/tt1300854/?ref_=bo_cso_table_32,32,Iron Man 3,"$409,013,994",2013,174144585,200000000,409013994,805797258,1214811252,130.0,PG-13,4,2013-04-24,"['Action', 'Adventure', 'Sci-Fi']"
Captain America: Civil War,/title/tt3498820/?ref_=bo_cso_table_33,33,Captain America: Civil War,"$408,084,349",2016,179139142,250000000,408084349,745477300,1153561649,147.0,PG-13,4,2016-04-27,"['Action', 'Adventure', 'Sci-Fi']"
The Hunger Games,/title/tt1392170/?ref_=bo_cso_table_34,34,The Hunger Games,"$408,010,692",2012,152535747,78000000,408010692,286384032,694394724,142.0,PG-13,3,2012-03-08,"['Action', 'Adventure', 'Sci-Fi', 'Thriller']"
Spider-Man,/title/tt0145487/?ref_=bo_cso_table_35,35,Spider-Man,"$407,022,860",2002,114844116,139000000,407022860,418002176,825025036,121.0,PG-13,5,2002-05-03,"['Action', 'Adventure', 'Sci-Fi']"
Jumanji: Welcome to the Jungle,/title/tt2283362/?ref_=bo_cso_table_36,36,Jumanji: Welcome to the Jungle,"$404,540,171",2017,36169328,90000000,404540171,557563180,962103351,119.0,PG-13,12,2017-12-20,"['Action', 'Adventure', 'Comedy', 'Fantasy']"
Jurassic Park,/title/tt0107290/?ref_=bo_cso_table_37,37,Jurassic Park,"$404,214,720",1993,47026828,63000000,404214720,629712302,1033927022,127.0,PG-13,6,1993-06-11,"['Action', 'Adventure', 'Sci-Fi', 'Thriller']"
Transformers: Revenge of the Fallen,/title/tt1055369/?ref_=bo_cso_table_38,38,Transformers: Revenge of the Fallen,"$402,111,870",2009,108966307,200000000,402111870,434191823,836303693,149.0,PG-13,6,2009-06-19,"['Action', 'Adventure', 'Sci-Fi']"
Frozen,/title/tt2294629/?ref_=bo_cso_table_39,39,Frozen,"$400,953,009",2013,243390,150000000,400953009,880066266,1281019275,102.0,PG,11,2013-11-22,"['Adventure', 'Animation', 'Comedy', 'Family', 'Fantasy', 'Musical']"
Spider-Man: Far from Home,/title/tt6320628/?ref_=bo_cso_table_40,40,Spider-Man: Far from Home,"$390,532,085",2019,92579212,160000000,390532085,741395911,1131927996,129.0,PG-13,6,2019-06-28,"['Action', 'Adventure', 'Sci-Fi']"
Guardians of the Galaxy Vol. 2,/title/tt3896198/?ref_=bo_cso_table_41,41,Guardians of the Galaxy Vol. 2,"$389,813,101",2017,146510104,200000000,389813101,473942950,863756051,136.0,PG-13,4,2017-04-25,"['Action', 'Adventure', 'Comedy', 'Sci-Fi']"
Harry Potter and the Deathly Hallows: Part 2,/title/tt1201607/?ref_=bo_cso_table_42,42,Harry Potter and the Deathly Hallows: Part 2,"$381,409,310",2011,169189427,0,381409310,960814625,1342223936,130.0,PG-13,7,2011-07-13,"['Adventure', 'Drama', 'Fantasy', 'Mystery']"
Finding Nemo,/title/tt0266543/?ref_=bo_cso_table_43,43,Finding Nemo,"$380,843,261",2003,70251710,94000000,380843261,559506933,940350194,100.0,,5,2003-05-30,"['Adventure', 'Animation', 'Comedy', 'Family']"
Star Wars: Episode III - Revenge of the Sith,/title/tt0121766/?ref_=bo_cso_table_44,44,Star Wars: Episode III - Revenge of the Sith,"$380,270,577",2005,108435841,113000000,380270577,488119983,868390560,140.0,PG-13,5,2005-05-18,"['Action', 'Adventure', 'Fantasy', 'Sci-Fi']"
The Lord of the Rings: The Return of the King,/title/tt0167260/?ref_=bo_cso_table_45,45,The Lord of the Rings: The Return of the King,"$377,845,905",2003,72629713,94000000,377845905,764611082,1142456987,201.0,PG-13,12,2003-12-17,"['Action', 'Adventure', 'Drama', 'Fantasy']"
Spider-Man 2,/title/tt0316654/?ref_=bo_cso_table_46,46,Spider-Man 2,"$373,585,825",2004,88156227,200000000,373585825,415390628,788976453,127.0,PG-13,6,2004-06-30,"['Action', 'Adventure', 'Sci-Fi']"
The Passion of the Christ,/title/tt0335345/?ref_=bo_cso_table_47,47,The Passion of the Christ,"$370,782,930",2004,83848082,30000000,370782930,241271498,612054428,127.0,R,2,2004-02-25,['Drama']
The Secret Life of Pets,/title/tt2709768/?ref_=bo_cso_table_48,48,The Secret Life of Pets,"$368,384,330",2016,104352905,75000000,368384330,507074301,875458631,87.0,PG,6,2016-06-24,"['Adventure', 'Animation', 'Comedy', 'Family']"
Despicable Me 2,/title/tt1690953/?ref_=bo_cso_table_49,49,Despicable Me 2,"$368,065,385",2013,83517315,76000000,368065385,602700620,970766005,98.0,PG,6,2013-06-20,"['Adventure', 'Animation', 'Comedy', 'Crime', 'Family', 'Fantasy', 'Sci-Fi']"
The Jungle Book,/title/tt3040964/?ref_=bo_cso_table_50,50,The Jungle Book,"$364,001,123",2016,103261464,175000000,364001123,602553806,966554929,106.0,PG,4,2016-04-07,"['Adventure', 'Drama', 'Family', 'Fantasy']"
Deadpool,/title/tt1431045/?ref_=bo_cso_table_51,51,Deadpool,"$363,070,709",2016,132434639,58000000,363070709,419542002,782612711,108.0,R,2,2016-02-09,"['Action', 'Adventure', 'Comedy', 'Sci-Fi']"
Inside Out,/title/tt2096673/?ref_=bo_cso_table_52,52,Inside Out,"$356,921,711",2015,90440272,175000000,356921711,501149639,858071350,95.0,PG,6,2015-06-10,"['Adventure', 'Animation', 'Comedy', 'Drama', 'Family', 'Fantasy']"
Aladdin,/title/tt0103639/?ref_=bo_cso_table_178,178,Aladdin,"$217,350,219",1992,196664,28000000,217350219,286700000,504050219,90.0,,11,1992-11-13,"['Adventure', 'Animation', 'Comedy', 'Family', 'Fantasy', 'Musical', 'Romance']"
Furious 7,/title/tt2820852/?ref_=bo_cso_table_54,54,Furious 7,"$353,007,020",2015,147187040,190000000,353007020,1162246868,1515253888,137.0,PG-13,4,2015-04-01,"['Action', 'Adventure', 'Thriller']"
Transformers: Dark of the Moon,/title/tt1399103/?ref_=bo_cso_table_55,55,Transformers: Dark of the Moon,"$352,390,543",2011,97852865,195000000,352390543,771403536,1123794079,154.0,PG-13,6,2011-06-29,"['Action', 'Adventure', 'Sci-Fi']"
American Sniper,/title/tt2179136/?ref_=bo_cso_table_56,56,American Sniper,"$350,126,372",2014,633456,58800000,350126372,197300000,547426372,133.0,R,12,2014-12-25,"['Action', 'Biography', 'Drama', 'War']"
The Lord of the Rings: The Two Towers,/title/tt0167261/?ref_=bo_cso_table_57,57,The Lord of the Rings: The Two Towers,"$342,551,365",2002,62007528,94000000,342551365,600844768,943396133,179.0,PG-13,12,2002-12-18,"['Action', 'Adventure', 'Drama', 'Fantasy']"
Zootopia,/title/tt2948356/?ref_=bo_cso_table_58,58,Zootopia,"$341,268,248",2016,75063401,0,341268248,682524310,1023792558,108.0,PG,2,2016-02-10,"['Adventure', 'Animation', 'Comedy', 'Crime', 'Family', 'Mystery']"
The Hunger Games: Mockingjay - Part 1,/title/tt1951265/?ref_=bo_cso_table_59,59,The Hunger Games: Mockingjay - Part 1,"$337,135,885",2014,121897634,125000000,337135885,418220826,755356711,123.0,PG-13,11,2014-11-19,"['Action', 'Adventure', 'Sci-Fi', 'Thriller']"
Spider-Man 3,/title/tt0413300/?ref_=bo_cso_table_60,60,Spider-Man 3,"$336,530,303",2007,151116516,258000000,336530303,558453070,894983373,139.0,PG-13,5,2007-05-01,"['Action', 'Adventure', 'Sci-Fi']"
Minions,/title/tt2293640/?ref_=bo_cso_table_61,61,Minions,"$336,045,770",2015,115718405,74000000,336045770,823398892,1159444662,91.0,PG,4,2015-04-09,"['Adventure', 'Animation', 'Comedy', 'Family', 'Sci-Fi']"
Joker,/title/tt7286456/?ref_=bo_cso_table_62,62,Joker,"$335,451,311",2019,96202337,55000000,335451311,738800000,1074251311,122.0,R,10,2019-10-02,"['Crime', 'Drama', 'Thriller']"
Aquaman,/title/tt1477834/?ref_=bo_cso_table_63,63,Aquaman,"$335,061,807",2018,67873522,0,335061807,813424079,1148485886,143.0,PG-13,12,2018-12-07,"['Action', 'Adventure', 'Fantasy', 'Sci-Fi']"
Spider-Man: Homecoming,/title/tt2250912/?ref_=bo_cso_table_64,64,Spider-Man: Homecoming,"$334,201,140",2017,117027503,175000000,334201140,545965784,880166924,133.0,PG-13,7,2017-07-05,"['Action', 'Adventure', 'Sci-Fi']"
Alice in Wonderland,/title/tt1014759/?ref_=bo_cso_table_65,65,Alice in Wonderland,"$334,191,110",2010,116101023,200000000,334191110,691277106,1025468216,108.0,PG,3,2010-03-03,"['Adventure', 'Family', 'Fantasy']"
Guardians of the Galaxy,/title/tt2015381/?ref_=bo_cso_table_66,66,Guardians of the Galaxy,"$333,718,600",2014,94320883,170000000,333718600,439631528,773350128,121.0,PG-13,7,2014-07-30,"['Action', 'Adventure', 'Comedy', 'Sci-Fi']"
Forrest Gump,/title/tt0109830/?ref_=bo_cso_table_67,67,Forrest Gump,"$330,455,270",1994,24450602,55000000,330455270,347770863,678226133,142.0,PG-13,7,1994-07-06,"['Drama', 'Romance']"
Batman v Superman: Dawn of Justice,/title/tt2975590/?ref_=bo_cso_table_68,68,Batman v Superman: Dawn of Justice,"$330,360,194",2016,166007347,250000000,330360194,543277334,873637528,152.0,PG-13,3,2016-03-23,"['Action', 'Adventure', 'Sci-Fi']"
It,/title/tt1396484/?ref_=bo_cso_table_69,69,It,"$328,828,874",2017,123403419,35000000,328828874,372967570,701796444,135.0,R,9,2017-09-06,['Horror']
Suicide Squad,/title/tt1386697/?ref_=bo_cso_table_70,70,Suicide Squad,"$325,100,054",2016,133682248,175000000,325100054,421746840,746846894,123.0,PG-13,8,2016-08-03,"['Action', 'Adventure', 'Fantasy', 'Sci-Fi']"
Deadpool 2,/title/tt5463162/?ref_=bo_cso_table_71,71,Deadpool 2,"$324,591,735",2018,125507153,110000000,324591735,461202609,785794344,119.0,R,5,2018-05-16,"['Action', 'Adventure', 'Comedy', 'Sci-Fi']"
Shrek the Third,/title/tt0413267/?ref_=bo_cso_table_72,72,Shrek the Third,"$322,719,944",2007,121629270,160000000,322719944,490647436,813367380,93.0,PG,5,2007-05-17,"['Adventure', 'Animation', 'Comedy', 'Family', 'Fantasy']"
Jumanji: The Next Level,/title/tt7975244/?ref_=bo_cso_table_73,73,Jumanji: The Next Level,"$320,314,960",2019,59251543,125000000,320314960,479744747,800059707,123.0,PG-13,12,2019-12-04,"['Action', 'Adventure', 'Comedy', 'Fantasy']"
Transformers,/title/tt0418279/?ref_=bo_cso_table_74,74,Transformers,"$319,246,193",2007,70502384,150000000,319246193,390463587,709709780,144.0,PG-13,6,2007-06-28,"['Action', 'Adventure', 'Sci-Fi']"
Iron Man,/title/tt0371746/?ref_=bo_cso_table_75,75,Iron Man,"$319,034,126",2008,98618668,140000000,319034126,266762121,585796247,126.0,PG-13,4,2008-04-30,"['Action', 'Adventure', 'Sci-Fi']"
Harry Potter and the Sorcerer's Stone,/title/tt0241527/?ref_=bo_cso_table_76,76,Harry Potter and the Sorcerer's Stone,"$318,087,620",2001,90294621,125000000,318087620,688880550,1006968171,152.0,PG,11,2001-11-16,"['Adventure', 'Family', 'Fantasy']"
Indiana Jones and the Kingdom of the Crystal Skull,/title/tt0367882/?ref_=bo_cso_table_77,77,Indiana Jones and the Kingdom of the Crystal Skull,"$317,101,119",2008,100137835,185000000,317101119,473552823,790653942,122.0,PG-13,5,2008-05-21,"['Action', 'Adventure']"
The Lord of the Rings: The Fellowship of the Ring,/title/tt0120737/?ref_=bo_cso_table_78,78,The Lord of the Rings: The Fellowship of the Ring,"$315,544,750",2001,47211490,93000000,315544750,572614342,888159092,178.0,PG-13,12,2001-12-19,"['Action', 'Adventure', 'Drama', 'Fantasy']"
Thor: Ragnarok,/title/tt3501632/?ref_=bo_cso_table_79,79,Thor: Ragnarok,"$315,058,289",2017,122744989,180000000,315058289,538925540,853983829,130.0,PG-13,10,2017-10-24,"['Action', 'Adventure', 'Comedy', 'Fantasy', 'Sci-Fi']"
Iron Man 2,/title/tt1228705/?ref_=bo_cso_table_80,80,Iron Man 2,"$312,433,331",2010,128122480,200000000,312433331,311500000,623933331,124.0,PG-13,4,2010-04-28,"['Action', 'Adventure', 'Sci-Fi']"
Star Wars: Episode II - Attack of the Clones,/title/tt0121765/?ref_=bo_cso_table_81,81,Star Wars: Episode II - Attack of the Clones,"$310,676,740",2002,80027814,115000000,310676740,343103230,653779970,142.0,PG,5,2002-05-16,"['Action', 'Adventure', 'Fantasy', 'Sci-Fi']"
Pirates of the Caribbean: At World's End,/title/tt0449088/?ref_=bo_cso_table_82,82,Pirates of the Caribbean: At World's End,"$309,420,425",2007,114732820,300000000,309420425,651576067,960996492,169.0,PG-13,5,2007-05-22,"['Action', 'Adventure', 'Fantasy']"
Star Wars: Episode VI - Return of the Jedi,/title/tt0086190/?ref_=bo_cso_table_83,83,Star Wars: Episode VI - Return of the Jedi,"$309,306,177",1983,23019618,32500000,309306177,122009457,475106177,131.0,PG,5,1983-05-25,"['Action', 'Adventure', 'Fantasy', 'Sci-Fi']"
Independence Day,/title/tt0116629/?ref_=bo_cso_table_84,84,Independence Day,"$306,169,268",1996,50228264,75000000,306169268,511231623,817400891,145.0,PG-13,7,1996-07-03,"['Action', 'Adventure', 'Sci-Fi']"
Pirates of the Caribbean: The Curse of the Black Pearl,/title/tt0325980/?ref_=bo_cso_table_85,85,Pirates of the Caribbean: The Curse of the Black Pearl,"$305,413,918",2003,46630690,140000000,305413918,348850097,654264015,143.0,PG-13,7,2003-07-09,"['Action', 'Adventure', 'Fantasy']"
Skyfall,/title/tt1074638/?ref_=bo_cso_table_86,86,Skyfall,"$304,360,277",2012,88364714,200000000,304360277,804200736,1108561013,143.0,PG-13,10,2012-10-25,"['Action', 'Adventure', 'Thriller']"
The Hobbit: An Unexpected Journey,/title/tt0903624/?ref_=bo_cso_table_87,87,The Hobbit: An Unexpected Journey,"$303,003,568",2012,84617303,0,303003568,714000000,1017003568,169.0,PG-13,12,2012-12-12,"['Adventure', 'Fantasy']"
Harry Potter and the Half-Blood Prince,/title/tt0417741/?ref_=bo_cso_table_88,88,Harry Potter and the Half-Blood Prince,"$302,305,431",2009,77835727,250000000,302305431,632148664,934454096,153.0,PG,7,2009-07-15,"['Action', 'Adventure', 'Family', 'Fantasy', 'Mystery']"
The Twilight Saga: Eclipse,/title/tt1325004/?ref_=bo_cso_table_89,89,The Twilight Saga: Eclipse,"$300,531,751",2010,64832191,68000000,300531751,397959596,698491347,124.0,PG-13,6,2010-06-30,"['Action', 'Adventure', 'Drama', 'Fantasy', 'Romance', 'Thriller']"
The Twilight Saga: New Moon,/title/tt1259571/?ref_=bo_cso_table_90,90,The Twilight Saga: New Moon,"$297,816,253",2009,142839137,50000000,297816253,413209228,711025481,130.0,PG-13,11,2009-11-18,"['Adventure', 'Drama', 'Fantasy', 'Romance']"
Harry Potter and the Deathly Hallows: Part 1,/title/tt0926084/?ref_=bo_cso_table_91,91,Harry Potter and the Deathly Hallows: Part 1,"$296,347,721",2010,125017372,0,296347721,680651521,976999243,146.0,PG-13,11,2010-11-17,"['Adventure', 'Family', 'Fantasy', 'Mystery']"
The Sixth Sense,/title/tt0167404/?ref_=bo_cso_table_92,92,The Sixth Sense,"$293,506,292",1999,26681262,40000000,293506292,379300000,672806292,107.0,PG-13,8,1999-08-06,"['Drama', 'Mystery', 'Thriller']"
Up,/title/tt1049413/?ref_=bo_cso_table_93,93,Up,"$293,004,164",2009,68108790,175000000,293004164,442094938,735099102,96.0,PG,5,2009-05-28,"['Adventure', 'Animation', 'Comedy', 'Family']"
Star Wars: Episode V - The Empire Strikes Back,/title/tt0080684/?ref_=bo_cso_table_94,94,Star Wars: Episode V - The Empire Strikes Back,"$292,753,960",1980,4910483,18000000,292753960,190685234,538375067,124.0,PG,5,1980-05-21,"['Action', 'Adventure', 'Fantasy', 'Sci-Fi']"
Inception,/title/tt1375666/?ref_=bo_cso_table_95,95,Inception,"$292,576,195",2010,62785337,160000000,292576195,544260772,836836967,148.0,PG-13,7,2010-07-15,"['Action', 'Adventure', 'Sci-Fi', 'Thriller']"
Harry Potter and the Order of the Phoenix,/title/tt0373889/?ref_=bo_cso_table_96,96,Harry Potter and the Order of the Phoenix,"$292,353,413",2007,77108414,150000000,292353413,649818982,942172396,138.0,PG-13,7,2007-07-11,"['Action', 'Adventure', 'Family', 'Fantasy', 'Mystery']"
The Twilight Saga: Breaking Dawn - Part 2,/title/tt1673434/?ref_=bo_cso_table_97,97,The Twilight Saga: Breaking Dawn - Part 2,"$292,324,737",2012,141067634,120000000,292324737,537422917,829747654,115.0,PG-13,11,2012-11-14,"['Adventure', 'Drama', 'Fantasy', 'Romance']"
"The Chronicles of Narnia: The Lion, the Witch and the Wardrobe",/title/tt0363771/?ref_=bo_cso_table_98,98,"The Chronicles of Narnia: The Lion, the Witch and the Wardrobe","$291,710,957",2005,65556312,180000000,291710957,453302158,745013115,143.0,PG,12,2005-12-07,"['Adventure', 'Family', 'Fantasy']"
Man of Steel,/title/tt0770828/?ref_=bo_cso_table_99,99,Man of Steel,"$291,045,518",2013,116619362,225000000,291045518,377000000,668045518,143.0,PG-13,6,2013-06-12,"['Action', 'Adventure', 'Sci-Fi']"
"Monsters, Inc.",/title/tt0198781/?ref_=bo_cso_table_100,100,"Monsters, Inc.","$290,642,256",2001,62577067,115000000,290642256,289064814,579707070,92.0,G,11,2001-11-02,"['Adventure', 'Animation', 'Comedy', 'Family', 'Fantasy']"
Harry Potter and the Goblet of Fire,/title/tt0330373/?ref_=bo_cso_table_101,101,Harry Potter and the Goblet of Fire,"$290,417,905",2005,102685961,150000000,290417905,606002856,896420762,157.0,PG-13,11,2005-11-16,"['Adventure', 'Family', 'Fantasy', 'Mystery']"
Home Alone,/title/tt0099785/?ref_=bo_cso_table_102,102,Home Alone,"$285,761,243",1990,17081997,18000000,285761243,190923432,476684675,103.0,,11,1990-11-16,"['Comedy', 'Family']"
The Hunger Games: Mockingjay - Part 2,/title/tt1951266/?ref_=bo_cso_table_103,103,The Hunger Games: Mockingjay - Part 2,"$281,723,902",2015,102665981,160000000,281723902,376620235,658344137,137.0,PG-13,11,2015-11-18,"['Action', 'Adventure', 'Sci-Fi', 'Thriller']"
The Matrix Reloaded,/title/tt0234215/?ref_=bo_cso_table_104,104,The Matrix Reloaded,"$281,576,461",2003,91774413,150000000,281576461,460271476,741847937,138.0,R,5,2003-05-15,"['Action', 'Sci-Fi']"
The Twilight Saga: Breaking Dawn - Part 1,/title/tt1324999/?ref_=bo_cso_table_105,105,The Twilight Saga: Breaking Dawn - Part 1,"$281,287,133",2011,138122261,110000000,281287133,430918723,712205856,117.0,PG-13,11,2011-11-16,"['Adventure', 'Drama', 'Fantasy', 'Romance', 'Thriller']"
Meet the Fockers,/title/tt0290002/?ref_=bo_cso_table_106,106,Meet the Fockers,"$279,261,160",2004,46120980,80000000,279261160,243396776,522657936,115.0,PG-13,12,2004-12-22,"['Comedy', 'Romance']"
The Hangover,/title/tt1119646/?ref_=bo_cso_table_107,107,The Hangover,"$277,322,503",2009,44979319,35000000,277322503,191988333,469310836,100.0,R,6,2009-06-05,['Comedy']
Gravity,/title/tt1454468/?ref_=bo_cso_table_108,108,Gravity,"$274,092,705",2013,55785112,100000000,274092705,449100000,723192705,91.0,PG-13,10,2013-10-03,"['Drama', 'Sci-Fi', 'Thriller']"
The Grinch,/title/tt2709692/?ref_=bo_cso_table_109,109,The Grinch,"$271,227,781",2018,67572855,75000000,271227781,241379666,512607447,85.0,PG,11,2018-11-07,"['Animation', 'Comedy', 'Family', 'Fantasy']"
Sing,/title/tt3470600/?ref_=bo_cso_table_110,110,Sing,"$270,448,425",2016,35258145,75000000,270448425,363759497,634207922,108.0,PG,12,2016-12-02,"['Animation', 'Comedy', 'Family', 'Musical']"
Monsters University,/title/tt1453405/?ref_=bo_cso_table_111,111,Monsters University,"$268,492,764",2013,82429469,0,268492764,475066843,743559607,104.0,G,6,2013-06-19,"['Adventure', 'Animation', 'Comedy', 'Family', 'Fantasy']"
Shrek,/title/tt0126029/?ref_=bo_cso_table_112,112,Shrek,"$267,665,011",2001,42347760,60000000,267665011,220188309,487853320,90.0,PG,5,2001-05-16,"['Adventure', 'Animation', 'Comedy', 'Family', 'Fantasy']"
Despicable Me 3,/title/tt3469046/?ref_=bo_cso_table_113,113,Despicable Me 3,"$264,624,300",2017,72434025,80000000,264624300,770175831,1034800131,89.0,PG,6,2017-06-14,"['Adventure', 'Animation', 'Comedy', 'Family', 'Fantasy', 'Sci-Fi']"
Harry Potter and the Chamber of Secrets,/title/tt0295297/?ref_=bo_cso_table_114,114,Harry Potter and the Chamber of Secrets,"$262,450,136",2002,88357488,100000000,262450136,617152229,879602366,161.0,PG,11,2002-11-14,"['Adventure', 'Family', 'Fantasy', 'Mystery']"
The Amazing Spider-Man,/title/tt0948470/?ref_=bo_cso_table_115,115,The Amazing Spider-Man,"$262,030,663",2012,62004688,230000000,262030663,495900000,757930663,136.0,PG-13,6,2012-06-28,"['Action', 'Adventure', 'Sci-Fi']"
The Incredibles,/title/tt0317705/?ref_=bo_cso_table_116,116,The Incredibles,"$261,441,092",2004,70467623,92000000,261441092,370165621,631606713,115.0,,11,2004-11-05,"['Action', 'Adventure', 'Animation', 'Family']"
Jaws,/title/tt0073195/?ref_=bo_cso_table_117,117,Jaws,"$260,758,300",1975,7061513,7000000,260758300,210653000,470653000,124.0,,6,1975-06-20,"['Adventure', 'Thriller']"
How the Grinch Stole Christmas,/title/tt0170016/?ref_=bo_cso_table_118,118,How the Grinch Stole Christmas,"$260,465,005",2000,55082330,123000000,260465005,103132179,363597184,104.0,PG,11,2000-11-17,"['Comedy', 'Family', 'Fantasy']"
Captain America: The Winter Soldier,/title/tt1843866/?ref_=bo_cso_table_119,119,Captain America: The Winter Soldier,"$259,766,572",2014,95023721,170000000,259766572,454654931,714421503,136.0,PG-13,3,2014-03-26,"['Action', 'Adventure', 'Sci-Fi', 'Thriller']"
The Hobbit: The Desolation of Smaug,/title/tt1170358/?ref_=bo_cso_table_120,120,The Hobbit: The Desolation of Smaug,"$258,366,855",2013,73645197,0,258366855,700000000,958366855,161.0,PG-13,12,2013-12-11,"['Adventure', 'Fantasy']"
The Lego Movie,/title/tt1490017/?ref_=bo_cso_table_121,121,The Lego Movie,"$257,760,692",2014,69050279,60000000,257760692,210300000,468060692,100.0,PG,2,2014-02-06,"['Action', 'Adventure', 'Animation', 'Comedy', 'Family', 'Fantasy']"
Star Trek,/title/tt0796366/?ref_=bo_cso_table_122,122,Star Trek,"$257,730,019",2009,75204289,150000000,257730019,127950427,385680446,127.0,PG-13,5,2009-05-06,"['Action', 'Adventure', 'Sci-Fi']"
I Am Legend,/title/tt0480249/?ref_=bo_cso_table_123,123,I Am Legend,"$256,393,010",2007,77211321,150000000,256393010,329017042,585410052,101.0,PG-13,12,2007-12-12,"['Action', 'Adventure', 'Drama', 'Sci-Fi', 'Thriller']"
The Blind Side,/title/tt0878804/?ref_=bo_cso_table_124,124,The Blind Side,"$255,959,475",2009,34119372,29000000,255959475,53248834,309208309,129.0,PG-13,11,2009-11-20,"['Biography', 'Drama', 'Sport']"
The Hobbit: The Battle of the Five Armies,/title/tt2310332/?ref_=bo_cso_table_125,125,The Hobbit: The Battle of the Five Armies,"$255,119,788",2014,54724334,0,255119788,700900000,956019788,144.0,PG-13,12,2014-12-10,"['Adventure', 'Fantasy']"
The Hangover Part II,/title/tt1411697/?ref_=bo_cso_table_126,126,The Hangover Part II,"$254,464,305",2011,85946294,80000000,254464305,332300000,586764305,102.0,R,5,2011-05-25,['Comedy']
Despicable Me,/title/tt1323594/?ref_=bo_cso_table_127,127,Despicable Me,"$251,513,985",2010,56397125,69000000,251513985,291600000,543113985,95.0,PG,7,2010-07-08,"['Animation', 'Comedy', 'Crime', 'Family', 'Fantasy']"
Batman,/title/tt0096895/?ref_=bo_cso_table_128,128,Batman,"$251,348,343",1989,40489746,35000000,251348343,160160000,411348924,126.0,,6,1989-06-23,"['Action', 'Adventure']"
Night at the Museum,/title/tt0477347/?ref_=bo_cso_table_129,129,Night at the Museum,"$250,863,268",2006,30433781,0,250863268,323617961,574481229,108.0,PG,12,2006-12-21,"['Adventure', 'Comedy', 'Family', 'Fantasy']"
Men in Black,/title/tt0119654/?ref_=bo_cso_table_130,130,Men in Black,"$250,690,539",1997,51068455,90000000,250690539,338700000,589390539,98.0,PG-13,7,1997-07-02,"['Action', 'Adventure', 'Comedy', 'Sci-Fi']"
Harry Potter and the Prisoner of Azkaban,/title/tt0304141/?ref_=bo_cso_table_131,131,Harry Potter and the Prisoner of Azkaban,"$249,975,996",2004,93687367,130000000,249975996,546270547,796246544,142.0,PG,5,2004-05-31,"['Adventure', 'Family', 'Fantasy', 'Mystery']"
Moana,/title/tt3521164/?ref_=bo_cso_table_132,132,Moana,"$248,757,044",2016,56631401,0,248757044,394593954,643350998,107.0,PG,11,2016-11-23,"['Adventure', 'Animation', 'Comedy', 'Family', 'Fantasy', 'Musical']"
Indiana Jones and the Raiders of the Lost Ark,/title/tt0082971/?ref_=bo_cso_table_133,133,Indiana Jones and the Raiders of the Lost Ark,"$248,159,971",1981,8305823,18000000,248159971,141766000,389925971,115.0,PG,6,1981-06-12,"['Action', 'Adventure']"
Toy Story 2,/title/tt0120363/?ref_=bo_cso_table_134,134,Toy Story 2,"$245,852,179",1999,300163,90000000,245852179,251522869,497375048,92.0,,11,1999-11-19,"['Adventure', 'Animation', 'Comedy', 'Family', 'Fantasy']"
Transformers: Age of Extinction,/title/tt2109248/?ref_=bo_cso_table_135,135,Transformers: Age of Extinction,"$245,439,076",2014,100038390,210000000,245439076,858614996,1104054072,165.0,PG-13,6,2014-06-25,"['Action', 'Adventure', 'Sci-Fi']"
Cars,/title/tt0317219/?ref_=bo_cso_table_136,136,Cars,"$244,082,982",2006,60119509,120000000,244082982,217908885,461991867,117.0,,6,2006-06-08,"['Animation', 'Comedy', 'Family', 'Sport']"
Ghostbusters,/title/tt0087332/?ref_=bo_cso_table_137,137,Ghostbusters,"$243,187,079",1984,13578151,30000000,243187079,53000000,295212467,105.0,,6,1984-06-08,"['Action', 'Comedy', 'Fantasy']"
Bruce Almighty,/title/tt0315327/?ref_=bo_cso_table_138,138,Bruce Almighty,"$242,829,261",2003,67953330,81000000,242829261,241763613,484592874,101.0,PG-13,5,2003-05-23,"['Comedy', 'Fantasy']"
Twister,/title/tt0117998/?ref_=bo_cso_table_139,139,Twister,"$241,721,524",1996,41059405,92000000,241721524,252750000,494471524,113.0,,5,1996-05-10,"['Action', 'Adventure', 'Thriller']"
My Big Fat Greek Wedding,/title/tt0259446/?ref_=bo_cso_table_140,140,My Big Fat Greek Wedding,"$241,438,208",2002,597362,5000000,241438208,127305836,368744044,95.0,PG,4,2002-04-19,"['Comedy', 'Drama', 'Romance']"
Maleficent,/title/tt1587310/?ref_=bo_cso_table_141,141,Maleficent,"$241,410,378",2014,69431298,180000000,241410378,517001401,758411779,97.0,PG,5,2014-05-28,"['Action', 'Adventure', 'Family', 'Fantasy', 'Romance']"
Pirates of the Caribbean: On Stranger Tides,/title/tt1298650/?ref_=bo_cso_table_142,142,Pirates of the Caribbean: On Stranger Tides,"$241,071,802",2011,90151958,250000000,241071802,804642000,1045713802,137.0,PG-13,5,2011-05-18,"['Action', 'Adventure', 'Fantasy']"
Shrek Forever After,/title/tt0892791/?ref_=bo_cso_table_143,143,Shrek Forever After,"$238,736,787",2010,70838207,165000000,238736787,513864080,752600867,93.0,PG,5,2010-05-20,"['Adventure', 'Animation', 'Comedy', 'Family', 'Fantasy', 'Romance']"
Fast & Furious 6,/title/tt1905041/?ref_=bo_cso_table_144,144,Fast & Furious 6,"$238,679,850",2013,97375245,160000000,238679850,550001118,788680968,130.0,PG-13,5,2013-05-17,"['Action', 'Adventure', 'Thriller']"
Brave,/title/tt1217209/?ref_=bo_cso_table_145,145,Brave,"$237,283,207",2012,66323594,185000000,237283207,301700000,538983207,93.0,PG,6,2012-06-21,"['Adventure', 'Animation', 'Comedy', 'Family', 'Fantasy']"
Oz the Great and Powerful,/title/tt1623205/?ref_=bo_cso_table_146,146,Oz the Great and Powerful,"$234,911,825",2013,79110453,215000000,234911825,258400000,493311825,130.0,PG,3,2013-03-06,"['Adventure', 'Family', 'Fantasy']"
Beverly Hills Cop,/title/tt0086960/?ref_=bo_cso_table_147,147,Beverly Hills Cop,"$234,760,478",1984,15214805,0,234760478,81600000,316360478,105.0,,12,1984-12-05,"['Action', 'Comedy', 'Crime', 'Thriller']"
X-Men: The Last Stand,/title/tt0376994/?ref_=bo_cso_table_148,148,X-Men: The Last Stand,"$234,362,462",2006,102750665,210000000,234362462,226072829,460435291,104.0,PG-13,5,2006-05-24,"['Action', 'Adventure', 'Sci-Fi']"
War of the Worlds,/title/tt0407304/?ref_=bo_cso_table_149,149,War of the Worlds,"$234,280,354",2005,64878725,132000000,234280354,369592765,603873119,116.0,PG-13,6,2005-06-29,"['Adventure', 'Sci-Fi', 'Thriller']"
Fantastic Beasts and Where to Find Them,/title/tt3183660/?ref_=bo_cso_table_150,150,Fantastic Beasts and Where to Find Them,"$234,037,575",2016,74403387,180000000,234037575,580006426,814044001,132.0,PG-13,11,2016-11-16,"['Adventure', 'Family', 'Fantasy']"
X-Men: Days of Future Past,/title/tt1877832/?ref_=bo_cso_table_151,151,X-Men: Days of Future Past,"$233,921,534",2014,90823660,200000000,233921534,512124166,746045700,132.0,PG-13,5,2014-05-21,"['Action', 'Adventure', 'Sci-Fi', 'Thriller']"
Cast Away,/title/tt0162222/?ref_=bo_cso_table_152,152,Cast Away,"$233,632,142",2000,28883406,90000000,233632142,196000000,429632142,143.0,PG-13,12,2000-12-22,"['Adventure', 'Drama', 'Romance']"
The Exorcist,/title/tt0070047/?ref_=bo_cso_table_153,153,The Exorcist,"$232,906,145",1973,11000000,0,232906145,136017945,441306145,122.0,R,12,1973-12-26,['Horror']
Doctor Strange,/title/tt1211837/?ref_=bo_cso_table_154,154,Doctor Strange,"$232,641,920",2016,85058311,165000000,232641920,445154156,677796076,115.0,PG-13,10,2016-10-25,"['Action', 'Adventure', 'Fantasy', 'Sci-Fi']"
The Lost World: Jurassic Park,/title/tt0119567/?ref_=bo_cso_table_155,155,The Lost World: Jurassic Park,"$229,086,679",1997,72132785,73000000,229086679,389552320,618638999,129.0,PG-13,5,1997-05-23,"['Action', 'Adventure', 'Sci-Fi']"
Justice League,/title/tt0974015/?ref_=bo_cso_table_156,156,Justice League,"$229,024,295",2017,93842239,0,229024295,428902692,657926987,,PG-13,10,2017-10-17,"['Action', 'Adventure', 'Fantasy', 'Sci-Fi']"
Star Trek Into Darkness,/title/tt1408101/?ref_=bo_cso_table_157,157,Star Trek Into Darkness,"$228,778,661",2013,70165559,190000000,228778661,238586585,467365246,132.0,PG-13,5,2013-05-08,"['Action', 'Adventure', 'Sci-Fi']"
The Martian,/title/tt3659388/?ref_=bo_cso_table_158,158,The Martian,"$228,433,663",2015,54308575,108000000,228433663,401728572,630162235,144.0,PG-13,9,2015-09-30,"['Adventure', 'Drama', 'Sci-Fi']"
Signs,/title/tt0286106/?ref_=bo_cso_table_159,159,Signs,"$227,966,634",2002,60117080,72000000,227966634,180281283,408247917,106.0,PG-13,8,2002-08-02,"['Drama', 'Mystery', 'Sci-Fi', 'Thriller']"
Hancock,/title/tt0448157/?ref_=bo_cso_table_160,160,Hancock,"$227,946,274",2008,62603879,150000000,227946274,401497154,629443428,92.0,PG-13,7,2008-07-02,"['Action', 'Drama', 'Fantasy']"
The Bourne Ultimatum,/title/tt0440963/?ref_=bo_cso_table_161,161,The Bourne Ultimatum,"$227,471,070",2007,69283690,110000000,227471070,216628965,444100035,115.0,PG-13,8,2007-08-03,"['Action', 'Mystery', 'Thriller']"
Logan,/title/tt3315342/?ref_=bo_cso_table_162,162,Logan,"$226,277,068",2017,88411916,97000000,226277068,392744368,619021436,137.0,R,3,2017-03-01,"['Action', 'Drama', 'Sci-Fi', 'Thriller']"
Rush Hour 2,/title/tt0266915/?ref_=bo_cso_table_163,163,Rush Hour 2,"$226,164,286",2001,67408222,90000000,226164286,121161516,347325802,90.0,PG-13,8,2001-08-03,"['Action', 'Comedy', 'Crime', 'Thriller']"
The Fate of the Furious,/title/tt4630562/?ref_=bo_cso_table_164,164,The Fate of the Furious,"$226,008,385",2017,98786705,250000000,226008385,1009996733,1236005118,136.0,PG-13,4,2017-04-12,"['Action', 'Adventure', 'Crime', 'Thriller']"
WALL·E,/title/tt0910970/?ref_=bo_cso_table_165,165,WALL·E,"$223,808,164",2008,63087526,180000000,223808164,297503696,521311860,98.0,,6,2008-06-26,"['Adventure', 'Animation', 'Family', 'Sci-Fi']"
Toy Story,/title/tt0114709/?ref_=bo_cso_table_166,166,Toy Story,"$223,225,679",1995,29140617,0,223225679,171210907,373554033,81.0,,11,1995-11-22,"['Adventure', 'Animation', 'Comedy', 'Family', 'Fantasy']"
Big Hero 6,/title/tt2245084/?ref_=bo_cso_table_167,167,Big Hero 6,"$222,527,828",2014,56215889,165000000,222527828,435341673,657869501,102.0,PG,10,2014-10-25,"['Action', 'Adventure', 'Animation', 'Family', 'Sci-Fi']"
Mission: Impossible - Fallout,/title/tt4912910/?ref_=bo_cso_table_168,168,Mission: Impossible - Fallout,"$220,159,104",2018,61236534,178000000,220159104,570961322,791120426,147.0,PG-13,7,2018-07-25,"['Action', 'Adventure', 'Thriller']"
National Treasure: Book of Secrets,/title/tt0465234/?ref_=bo_cso_table_169,169,National Treasure: Book of Secrets,"$219,964,115",2007,44783772,0,219964115,239278134,459242249,124.0,PG,12,2007-12-19,"['Action', 'Adventure', 'Mystery', 'Thriller']"
Alvin and the Chipmunks: The Squeakquel,/title/tt1231580/?ref_=bo_cso_table_170,170,Alvin and the Chipmunks: The Squeakquel,"$219,614,612",2009,48875415,75000000,219614612,223525393,443140005,88.0,PG,12,2009-12-21,"['Adventure', 'Animation', 'Comedy', 'Family', 'Fantasy', 'Music']"
Mrs. Doubtfire,/title/tt0107614/?ref_=bo_cso_table_171,171,Mrs. Doubtfire,"$219,195,243",1993,20468847,25000000,219195243,222090952,441286195,125.0,PG-13,11,1993-11-24,"['Comedy', 'Drama', 'Family']"
Ted,/title/tt1637725/?ref_=bo_cso_table_173,173,Ted,"$218,815,487",2012,54415205,50000000,218815487,330552828,549368315,106.0,R,6,2012-06-29,['Comedy']
King Kong,/title/tt0360717/?ref_=bo_cso_table_174,174,King Kong,"$218,080,025",2005,50130145,207000000,218080025,344283424,562363449,187.0,PG-13,12,2005-12-14,"['Action', 'Adventure', 'Drama', 'Romance']"
Ghost,/title/tt0099653/?ref_=bo_cso_table_175,175,Ghost,"$217,631,306",1990,12191540,22000000,217631306,288072251,505703557,127.0,,7,1990-07-13,"['Drama', 'Fantasy', 'Romance', 'Thriller']"
How to Train Your Dragon,/title/tt0892769/?ref_=bo_cso_table_176,176,How to Train Your Dragon,"$217,581,231",2010,43732319,165000000,217581231,277297528,494878759,98.0,PG,3,2010-03-18,"['Action', 'Adventure', 'Animation', 'Family', 'Fantasy']"
The Da Vinci Code,/title/tt0382625/?ref_=bo_cso_table_177,177,The Da Vinci Code,"$217,536,138",2006,77073388,125000000,217536138,542470807,760006945,149.0,PG-13,5,2006-05-17,"['Mystery', 'Thriller']"
Alvin and the Chipmunks,/title/tt0952640/?ref_=bo_cso_table_179,179,Alvin and the Chipmunks,"$217,326,974",2007,44307417,60000000,217326974,148025572,365352546,92.0,PG,12,2007-12-12,"['Adventure', 'Animation', 'Comedy', 'Family', 'Fantasy', 'Music']"
Saving Private Ryan,/title/tt0120815/?ref_=bo_cso_table_180,180,Saving Private Ryan,"$217,049,603",1998,30576104,70000000,217049603,265300000,482349603,169.0,R,7,1998-07-24,"['Drama', 'War']"
Bohemian Rhapsody,/title/tt1727824/?ref_=bo_cso_table_181,181,Bohemian Rhapsody,"$216,668,042",2018,51061119,52000000,216668042,688566435,905234477,134.0,PG-13,10,2018-10-26,"['Biography', 'Drama', 'Music']"
Ant-Man and the Wasp,/title/tt5095030/?ref_=bo_cso_table_182,182,Ant-Man and the Wasp,"$216,648,740",2018,75812205,0,216648740,406025399,622674139,118.0,PG-13,7,2018-07-04,"['Action', 'Adventure', 'Comedy', 'Sci-Fi']"
Madagascar 3: Europe's Most Wanted,/title/tt1277953/?ref_=bo_cso_table_183,183,Madagascar 3: Europe's Most Wanted,"$216,391,482",2012,60316738,145000000,216391482,530529792,746921274,95.0,PG,6,2012-06-06,"['Adventure', 'Animation', 'Comedy', 'Family']"
Kung Fu Panda,/title/tt0441773/?ref_=bo_cso_table_184,184,Kung Fu Panda,"$215,434,591",2008,60239130,130000000,215434591,416311606,631746197,92.0,PG,6,2008-06-05,"['Action', 'Adventure', 'Animation', 'Comedy', 'Family']"
Mission: Impossible II,/title/tt0120755/?ref_=bo_cso_table_185,185,Mission: Impossible II,"$215,409,889",2000,57845297,125000000,215409889,330978219,546388108,123.0,PG-13,5,2000-05-24,"['Action', 'Adventure', 'Thriller']"
A Star Is Born,/title/tt1517451/?ref_=bo_cso_table_186,186,A Star Is Born,"$215,288,866",2018,42908051,36000000,215288866,220900000,436188866,136.0,R,10,2018-10-03,"['Drama', 'Music', 'Romance']"
X2: X-Men United,/title/tt0290334/?ref_=bo_cso_table_187,187,X2: X-Men United,"$214,949,694",2003,85558731,110000000,214949694,192761855,407711549,134.0,PG-13,4,2003-04-30,"['Action', 'Adventure', 'Sci-Fi', 'Thriller']"
The Lorax,/title/tt1482459/?ref_=bo_cso_table_188,188,The Lorax,"$214,030,500",2012,70217070,70000000,214030500,134809816,348840316,86.0,PG,3,2012-03-01,"['Adventure', 'Animation', 'Comedy', 'Drama', 'Family', 'Fantasy', 'Musical']"
Solo: A Star Wars Story,/title/tt3778644/?ref_=bo_cso_table_189,189,Solo: A Star Wars Story,"$213,767,512",2018,84420489,275000000,213767512,179157295,392924807,135.0,PG-13,5,2018-05-23,"['Action', 'Adventure', 'Sci-Fi']"
Venom,/title/tt1270797/?ref_=bo_cso_table_190,190,Venom,"$213,515,506",2018,80255756,100000000,213515506,642569645,856085151,112.0,PG-13,10,2018-10-03,"['Action', 'Adventure', 'Sci-Fi']"
Austin Powers in Goldmember,/title/tt0295178/?ref_=bo_cso_table_191,191,Austin Powers in Goldmember,"$213,307,889",2002,73071188,63000000,213307889,83630912,296938801,94.0,PG-13,7,2002-07-26,"['Action', 'Adventure', 'Comedy', 'Crime']"
It Chapter Two,/title/tt7349950/?ref_=bo_cso_table_192,192,It Chapter Two,"$211,593,228",2019,91062152,79000000,211593228,261500000,683955083,169.0,R,9,2019-09-04,"['Drama', 'Fantasy', 'Horror']"
Back to the Future,/title/tt0088763/?ref_=bo_cso_table_193,193,Back to the Future,"$211,406,762",1985,11152500,19000000,211406762,170500000,381109762,116.0,,7,1985-07-03,"['Adventure', 'Comedy', 'Sci-Fi']"
300,/title/tt0416449/?ref_=bo_cso_table_194,194,300,"$210,614,939",2007,70885301,65000000,210614939,245453242,456068181,117.0,R,3,2007-03-07,"['Action', 'Drama']"
Coco,/title/tt2380307/?ref_=bo_cso_table_195,195,Coco,"$210,460,015",2017,50802605,0,210460015,597357873,807817888,105.0,PG,10,2017-10-27,"['Adventure', 'Animation', 'Family', 'Fantasy', 'Music', 'Mystery']"
Fast Five,/title/tt1596343/?ref_=bo_cso_table_196,196,Fast Five,"$209,837,675",2011,86198765,125000000,209837675,416300000,626137675,130.0,PG-13,4,2011-04-20,"['Action', 'Adventure', 'Crime', 'Thriller']"
Mission: Impossible - Ghost Protocol,/title/tt1229238/?ref_=bo_cso_table_197,197,Mission: Impossible - Ghost Protocol,"$209,397,903",2011,12785204,145000000,209397903,485315477,694713380,132.0,PG-13,12,2011-12-14,"['Action', 'Adventure', 'Thriller']"
Wedding Crashers,/title/tt0396269/?ref_=bo_cso_table_198,198,Wedding Crashers,"$209,255,921",2005,32200000,40000000,209255921,79211724,288467645,119.0,R,7,2005-07-14,"['Comedy', 'Romance']"
Sherlock Holmes,/title/tt0988045/?ref_=bo_cso_table_199,199,Sherlock Holmes,"$209,028,679",2009,62304277,90000000,209028679,315000000,524028679,128.0,PG-13,1,2009-01-01,"['Action', 'Adventure', 'Mystery']"
Dawn of the Planet of the Apes,/title/tt2103281/?ref_=bo_cso_table_200,200,Dawn of the Planet of the Apes,"$208,545,589",2014,72611427,170000000,208545589,502098977,710644566,130.0,PG-13,7,2014-07-09,"['Action', 'Adventure', 'Drama', 'Sci-Fi']"
