,link_stub,rank,title,domestic_gross_x,release_year,domestic_opening_gross,budget,domestic_gross_y,international_gross,worldwide_gross,runtime_minutes,rating,release_month,genres
Dumbo,/title/tt3861390/?ref_=bo_cso_table_1,601,Dumbo,"$114,766,307",2019,45990748,245000000,114766307,238518314,353284621,112.0,PG,March,"['Adventure', 'Family', 'Fantasy']"
Fifty Shades Darker,/title/tt4465564/?ref_=bo_cso_table_2,602,Fifty Shades Darker,"$114,581,250",2017,46607250,245000000,114581250,266964596,381545846,118.0,R,February,"['Drama', 'Romance']"
Dodgeball,/title/tt0364725/?ref_=bo_cso_table_3,603,Dodgeball,"$114,326,736",2004,30070196,245000000,114326736,54096491,168423227,92.0,PG-13,June,"['Comedy', 'Sport']"
The Village,/title/tt0368447/?ref_=bo_cso_table_4,604,The Village,"$114,197,520",2004,50746142,245000000,114197520,142500000,256697520,108.0,PG-13,August,"['Drama', 'Mystery', 'Thriller']"
Bolt,/title/tt0397892/?ref_=bo_cso_table_5,605,Bolt,"$114,053,579",2008,26223128,245000000,114053579,195926415,309979994,96.0,PG,November,"['Adventure', 'Animation', 'Comedy', 'Family', 'Fantasy']"
Maleficent: Mistress of Evil,/title/tt4777008/?ref_=bo_cso_table_6,606,Maleficent: Mistress of Evil,"$113,929,605",2019,36948713,245000000,113929605,377800484,491730089,119.0,PG,October,"['Adventure', 'Family', 'Fantasy']"
Wild Wild West,/title/tt0120891/?ref_=bo_cso_table_7,607,Wild Wild West,"$113,804,681",1999,27687484,245000000,113804681,108300000,222104681,106.0,PG-13,June,"['Action', 'Comedy', 'Sci-Fi', 'Western']"
Night at the Museum: Secret of the Tomb,/title/tt2692250/?ref_=bo_cso_table_8,608,Night at the Museum: Secret of the Tomb,"$113,746,621",2014,17100520,245000000,113746621,249458014,363204635,98.0,PG,December,"['Adventure', 'Comedy', 'Family', 'Fantasy']"
Magic Mike,/title/tt1915581/?ref_=bo_cso_table_9,609,Magic Mike,"$113,721,571",2012,39127170,245000000,113721571,54017797,167739368,110.0,R,June,"['Comedy', 'Drama']"
The Addams Family,/title/tt1620981/?ref_=bo_cso_table_141,741,The Addams Family,"$100,723,831",2019,30300007,245000000,100723831,103037026,203760857,86.0,PG,October,"['Animation', 'Comedy', 'Family', 'Fantasy', 'Horror']"
The Patriot,/title/tt0187393/?ref_=bo_cso_table_11,611,The Patriot,"$113,330,342",2000,22413710,245000000,113330342,101964000,215294342,165.0,R,June,"['Action', 'Drama', 'History', 'War']"
Bad Moms,/title/tt4651520/?ref_=bo_cso_table_12,612,Bad Moms,"$113,257,297",2016,23817340,245000000,113257297,70678777,183936074,100.0,R,July,['Comedy']
The Bourne Legacy,/title/tt1194173/?ref_=bo_cso_table_13,613,The Bourne Legacy,"$113,203,870",2012,38142825,245000000,113203870,162940880,276144750,135.0,PG-13,August,"['Action', 'Adventure', 'Thriller']"
The Pacifier,/title/tt0395699/?ref_=bo_cso_table_14,614,The Pacifier,"$113,086,868",2005,30552694,245000000,113086868,85550000,198636868,95.0,PG,March,"['Action', 'Comedy', 'Drama', 'Family']"
Dr. Dolittle 2,/title/tt0240462/?ref_=bo_cso_table_15,615,Dr. Dolittle 2,"$112,952,899",2001,25037039,245000000,112952899,63151445,176104344,87.0,PG,June,"['Comedy', 'Family', 'Fantasy']"
The Rocky Horror Picture Show,/title/tt0073629/?ref_=bo_cso_table_16,616,The Rocky Horror Picture Show,"$112,892,319",1975,0,245000000,112892319,360887,113253206,100.0,,September,"['Comedy', 'Musical']"
It's Complicated,/title/tt1230414/?ref_=bo_cso_table_17,617,It's Complicated,"$112,735,375",2009,22100820,245000000,112735375,106368280,219103655,121.0,R,December,"['Comedy', 'Drama', 'Romance']"
Spy Kids,/title/tt0227538/?ref_=bo_cso_table_18,618,Spy Kids,"$112,719,001",2001,26546881,245000000,112719001,35215179,147934180,88.0,PG,March,"['Action', 'Adventure', 'Comedy', 'Family', 'Sci-Fi']"
Ghostbusters II,/title/tt0097428/?ref_=bo_cso_table_19,619,Ghostbusters II,"$112,494,738",1989,29472894,245000000,112494738,102900000,215394738,108.0,,June,"['Action', 'Comedy', 'Fantasy', 'Sci-Fi']"
Face/Off,/title/tt0119094/?ref_=bo_cso_table_20,620,Face/Off,"$112,276,146",1997,23387530,245000000,112276146,133400000,245676146,138.0,R,June,"['Action', 'Crime', 'Sci-Fi', 'Thriller']"
The Hangover Part III,/title/tt1951261/?ref_=bo_cso_table_21,621,The Hangover Part III,"$112,200,072",2013,41671198,245000000,112200072,249800000,362000072,100.0,R,May,"['Comedy', 'Crime']"
Twins,/title/tt0096320/?ref_=bo_cso_table_22,622,Twins,"$111,938,388",1988,11174980,245000000,111938388,104676000,216614388,107.0,,December,"['Comedy', 'Crime']"
Spy Kids 3-D: Game Over,/title/tt0338459/?ref_=bo_cso_table_23,623,Spy Kids 3-D: Game Over,"$111,761,982",2003,32500000,245000000,111761982,85339696,197101678,84.0,PG,July,"['Action', 'Adventure', 'Comedy', 'Family', 'Sci-Fi']"
Doctor Zhivago,/title/tt0059113/?ref_=bo_cso_table_24,624,Doctor Zhivago,"$111,721,910",1965,0,245000000,111721910,198774,111920684,197.0,PG-13,December,"['Drama', 'Romance', 'War']"
Enemy of the State,/title/tt0120660/?ref_=bo_cso_table_25,625,Enemy of the State,"$111,549,836",1998,20038573,245000000,111549836,139299953,250849789,132.0,R,November,"['Action', 'Thriller']"
The Little Mermaid,/title/tt0097757/?ref_=bo_cso_table_26,626,The Little Mermaid,"$111,543,479",1989,6031914,245000000,111543479,99800000,211343479,83.0,,November,"['Animation', 'Family', 'Fantasy', 'Musical', 'Romance']"
Mr. Peabody & Sherman,/title/tt0864835/?ref_=bo_cso_table_27,627,Mr. Peabody & Sherman,"$111,506,430",2014,32207057,245000000,111506430,164191609,275698039,92.0,PG,February,"['Adventure', 'Animation', 'Comedy', 'Family', 'Sci-Fi']"
Porky's,/title/tt0084522/?ref_=bo_cso_table_28,628,Porky's,"$111,289,673",1982,7623988,245000000,111289673,111289673,0,94.0,,March,['Comedy']
The Last Samurai,/title/tt0325710/?ref_=bo_cso_table_29,629,The Last Samurai,"$111,127,263",2003,24271354,245000000,111127263,343500000,454627263,154.0,R,December,"['Action', 'Drama']"
Glass,/title/tt6823368/?ref_=bo_cso_table_30,630,Glass,"$111,048,468",2019,40328920,245000000,111048468,135950571,246999039,129.0,PG-13,January,"['Drama', 'Sci-Fi', 'Thriller']"
Spy,/title/tt3079380/?ref_=bo_cso_table_31,631,Spy,"$110,825,712",2015,29085719,245000000,110825712,124840507,235666219,,R,May,"['Action', 'Comedy']"
Tropic Thunder,/title/tt0942385/?ref_=bo_cso_table_32,632,Tropic Thunder,"$110,515,313",2008,25812796,245000000,110515313,85187650,195702963,107.0,R,August,"['Action', 'Comedy', 'War']"
Godzilla: King of the Monsters,/title/tt3741700/?ref_=bo_cso_table_33,633,Godzilla: King of the Monsters,"$110,500,138",2019,47776293,245000000,110500138,276100000,386600138,132.0,PG-13,May,"['Action', 'Adventure', 'Fantasy', 'Sci-Fi']"
Valentine's Day,/title/tt0817230/?ref_=bo_cso_table_34,634,Valentine's Day,"$110,485,654",2010,56260707,245000000,110485654,106000000,216485654,125.0,PG-13,February,"['Comedy', 'Romance']"
The Grudge,/title/tt0391198/?ref_=bo_cso_table_35,635,The Grudge,"$110,359,362",2004,39128715,245000000,110359362,76921753,187281115,91.0,PG-13,October,"['Horror', 'Mystery', 'Thriller']"
Fun with Dick and Jane,/title/tt0369441/?ref_=bo_cso_table_36,636,Fun with Dick and Jane,"$110,332,737",2005,14383515,245000000,110332737,94349162,204681899,90.0,PG-13,December,"['Comedy', 'Crime']"
Freaky Friday,/title/tt0322330/?ref_=bo_cso_table_37,637,Freaky Friday,"$110,230,332",2003,22203007,245000000,110230332,50616000,160846332,97.0,PG,August,"['Comedy', 'Family', 'Fantasy', 'Music', 'Romance']"
Trainwreck,/title/tt3152624/?ref_=bo_cso_table_38,638,Trainwreck,"$110,212,700",2015,30097040,245000000,110212700,30583093,140795793,125.0,R,July,"['Comedy', 'Drama', 'Romance']"
Bedtime Stories,/title/tt0960731/?ref_=bo_cso_table_39,639,Bedtime Stories,"$110,101,975",2008,27450296,245000000,110101975,102772889,212874864,99.0,PG,December,"['Adventure', 'Comedy', 'Family', 'Fantasy', 'Romance', 'Sci-Fi']"
Scary Movie 3,/title/tt0306047/?ref_=bo_cso_table_40,640,Scary Movie 3,"$110,003,217",2003,49700000,245000000,110003217,110670000,220673217,84.0,PG-13,October,"['Comedy', 'Horror']"
Creed,/title/tt3076658/?ref_=bo_cso_table_41,641,Creed,"$109,767,581",2015,29632823,245000000,109767581,63800000,173567581,133.0,PG-13,November,"['Drama', 'Sport']"
Star Trek IV: The Voyage Home,/title/tt0092007/?ref_=bo_cso_table_42,642,Star Trek IV: The Voyage Home,"$109,713,132",1986,16881888,245000000,109713132,109713132,0,119.0,PG,November,"['Action', 'Adventure', 'Comedy', 'Sci-Fi']"
The 40-Year-Old Virgin,/title/tt0405422/?ref_=bo_cso_table_43,643,The 40-Year-Old Virgin,"$109,449,237",2005,21422815,245000000,109449237,67929408,177378645,116.0,R,August,"['Comedy', 'Romance']"
Crocodile Dundee II,/title/tt0092493/?ref_=bo_cso_table_44,644,Crocodile Dundee II,"$109,306,210",1988,24462976,245000000,109306210,130300000,239606210,108.0,,May,"['Action', 'Adventure', 'Comedy']"
Couples Retreat,/title/tt1078940/?ref_=bo_cso_table_45,645,Couples Retreat,"$109,204,945",2009,34286740,245000000,109204945,62639895,171844840,113.0,PG-13,October,['Comedy']
One Flew Over the Cuckoo's Nest,/title/tt0073486/?ref_=bo_cso_table_46,646,One Flew Over the Cuckoo's Nest,"$108,981,275",1975,3000000,245000000,108981275,16354,108997629,133.0,,November,['Drama']
A Time to Kill,/title/tt0117913/?ref_=bo_cso_table_47,647,A Time to Kill,"$108,766,007",1996,14823159,245000000,108766007,43500000,152266007,149.0,R,July,"['Crime', 'Drama', 'Thriller']"
Black Hawk Down,/title/tt0265086/?ref_=bo_cso_table_48,648,Black Hawk Down,"$108,638,745",2001,179823,245000000,108638745,64350906,172989651,144.0,R,December,"['Drama', 'History', 'War']"
Terms of Endearment,/title/tt0086425/?ref_=bo_cso_table_49,649,Terms of Endearment,"$108,423,489",1983,3498813,245000000,108423489,108423489,0,132.0,,November,"['Comedy', 'Drama']"
Ace Ventura: When Nature Calls,/title/tt0112281/?ref_=bo_cso_table_50,650,Ace Ventura: When Nature Calls,"$108,385,533",1995,37804076,245000000,108385533,104000000,212385533,90.0,PG-13,November,"['Adventure', 'Comedy', 'Crime']"
The Upside,/title/tt1987680/?ref_=bo_cso_table_51,651,The Upside,"$108,252,517",2019,20355000,245000000,108252517,17603663,125856180,126.0,PG-13,January,"['Comedy', 'Drama']"
The Princess Diaries,/title/tt0247638/?ref_=bo_cso_table_52,652,The Princess Diaries,"$108,248,956",2001,22862269,245000000,108248956,57086197,165335153,111.0,G,August,"['Comedy', 'Family', 'Romance']"
Superman II,/title/tt0081573/?ref_=bo_cso_table_53,653,Superman II,"$108,185,706",1981,14100523,245000000,108185706,108185706,0,127.0,PG,June,"['Action', 'Adventure', 'Sci-Fi']"
Little Women,/title/tt3281548/?ref_=bo_cso_table_54,654,Little Women,"$108,101,214",2019,16755310,245000000,108101214,108500000,216601214,135.0,PG,December,"['Drama', 'Romance']"
Hop,/title/tt1411704/?ref_=bo_cso_table_55,655,Hop,"$108,085,305",2011,37543710,245000000,108085305,75868418,183953723,95.0,PG,March,"['Adventure', 'Animation', 'Comedy', 'Family', 'Fantasy']"
Pulp Fiction,/title/tt0110912/?ref_=bo_cso_table_56,656,Pulp Fiction,"$107,928,762",1994,9311882,245000000,107928762,106000000,213928762,154.0,R,October,"['Crime', 'Drama']"
Paranormal Activity,/title/tt1179904/?ref_=bo_cso_table_57,657,Paranormal Activity,"$107,918,810",2009,77873,245000000,107918810,85436990,193355800,86.0,R,September,"['Horror', 'Mystery']"
Baby Driver,/title/tt3890160/?ref_=bo_cso_table_58,658,Baby Driver,"$107,825,862",2017,20553320,245000000,107825862,119119225,226945087,113.0,R,June,"['Action', 'Crime', 'Drama', 'Music', 'Thriller']"
A League of Their Own,/title/tt0104694/?ref_=bo_cso_table_59,659,A League of Their Own,"$107,533,928",1992,13739456,245000000,107533928,24906141,132440069,128.0,PG,July,"['Comedy', 'Drama', 'Sport']"
Epic,/title/tt0848537/?ref_=bo_cso_table_60,660,Epic,"$107,518,682",2013,33531068,245000000,107518682,160907952,268426634,102.0,PG,May,"['Adventure', 'Animation', 'Family', 'Fantasy', 'Mystery', 'Thriller']"
Watchmen,/title/tt0409459/?ref_=bo_cso_table_61,661,Watchmen,"$107,509,799",2009,55214334,245000000,107509799,77873014,185382813,162.0,R,March,"['Action', 'Drama', 'Mystery', 'Sci-Fi']"
The Angry Birds Movie,/title/tt1985949/?ref_=bo_cso_table_62,662,The Angry Birds Movie,"$107,509,366",2016,38155177,245000000,107509366,244824563,352333929,97.0,PG,May,"['Action', 'Adventure', 'Animation', 'Comedy', 'Family']"
Batman & Robin,/title/tt0118688/?ref_=bo_cso_table_63,663,Batman & Robin,"$107,353,792",1997,42872605,245000000,107353792,130881927,238207122,125.0,PG-13,June,"['Action', 'Sci-Fi']"
Captain Phillips,/title/tt1535109/?ref_=bo_cso_table_64,664,Captain Phillips,"$107,100,855",2013,25718314,245000000,107100855,111690956,218791811,134.0,PG-13,October,"['Adventure', 'Biography', 'Crime', 'Drama', 'Thriller']"
Black Swan,/title/tt0947798/?ref_=bo_cso_table_65,665,Black Swan,"$106,954,678",2010,1443809,245000000,106954678,222443368,329398046,108.0,R,December,"['Drama', 'Thriller']"
Analyze This,/title/tt0122933/?ref_=bo_cso_table_66,666,Analyze This,"$106,885,658",1999,18383507,245000000,106885658,70000000,176885658,103.0,R,March,"['Comedy', 'Crime']"
Chicken Run,/title/tt0120630/?ref_=bo_cso_table_67,667,Chicken Run,"$106,834,564",2000,17506162,245000000,106834564,118000000,224834564,84.0,,June,"['Adventure', 'Animation', 'Comedy', 'Drama', 'Family']"
Miss Congeniality,/title/tt0212346/?ref_=bo_cso_table_68,668,Miss Congeniality,"$106,807,667",2000,10046534,245000000,106807667,105935053,212742720,109.0,PG-13,December,"['Action', 'Comedy', 'Crime', 'Romance']"
Indecent Proposal,/title/tt0107211/?ref_=bo_cso_table_69,669,Indecent Proposal,"$106,614,059",1993,18387632,245000000,106614059,160000000,266614059,117.0,R,April,"['Drama', 'Romance']"
Driving Miss Daisy,/title/tt0097239/?ref_=bo_cso_table_70,670,Driving Miss Daisy,"$106,593,296",1989,73745,245000000,106593296,39200000,145793296,99.0,,December,['Drama']
300: Rise of an Empire,/title/tt1253863/?ref_=bo_cso_table_71,671,300: Rise of an Empire,"$106,580,051",2014,45038460,245000000,106580051,231000000,337580051,102.0,R,March,"['Action', 'Drama']"
Love Story,/title/tt0066011/?ref_=bo_cso_table_72,672,Love Story,"$106,550,690",1970,0,245000000,106550690,106550690,0,100.0,PG,December,"['Drama', 'Romance']"
GoldenEye,/title/tt0113189/?ref_=bo_cso_table_73,673,GoldenEye,"$106,429,941",1995,26205007,245000000,106429941,245764093,352194034,130.0,PG-13,November,"['Action', 'Adventure', 'Thriller']"
Kramer vs. Kramer,/title/tt0079417/?ref_=bo_cso_table_74,674,Kramer vs. Kramer,"$106,260,000",1979,0,245000000,106260000,106260000,0,105.0,PG,December,['Drama']
The Italian Job,/title/tt0317740/?ref_=bo_cso_table_75,675,The Italian Job,"$106,128,601",2003,19457944,245000000,106128601,69941570,176070171,111.0,PG-13,May,"['Action', 'Crime', 'Thriller']"
How to Lose a Guy in 10 Days,/title/tt0251127/?ref_=bo_cso_table_76,676,How to Lose a Guy in 10 Days,"$105,813,373",2003,23774850,245000000,105813373,71689014,177502387,116.0,PG-13,February,"['Comedy', 'Romance']"
The LEGO Movie 2: The Second Part,/title/tt3513498/?ref_=bo_cso_table_77,677,The LEGO Movie 2: The Second Part,"$105,806,508",2019,34115335,245000000,105806508,86500000,192306508,107.0,PG,February,"['Action', 'Adventure', 'Animation', 'Comedy', 'Family', 'Fantasy', 'Musical']"
The First Wives Club,/title/tt0116313/?ref_=bo_cso_table_78,678,The First Wives Club,"$105,489,203",1996,18913411,245000000,105489203,76000000,181489203,103.0,PG,September,['Comedy']
Robin Hood,/title/tt0955308/?ref_=bo_cso_table_79,679,Robin Hood,"$105,269,730",2010,36063385,245000000,105269730,216400011,321669741,140.0,PG-13,May,"['Action', 'Adventure', 'Drama', 'History']"
Interview with the Vampire: The Vampire Chronicles,/title/tt0110148/?ref_=bo_cso_table_80,680,Interview with the Vampire: The Vampire Chronicles,"$105,264,608",1994,36389705,245000000,105264608,118400000,223664608,123.0,R,November,"['Drama', 'Horror']"
George of the Jungle,/title/tt0119190/?ref_=bo_cso_table_81,681,George of the Jungle,"$105,263,257",1997,16540791,245000000,105263257,69200000,174463257,92.0,PG,July,"['Action', 'Adventure', 'Comedy', 'Family', 'Romance']"
Hustlers,/title/tt5503686/?ref_=bo_cso_table_82,682,Hustlers,"$104,963,598",2019,33181361,245000000,104963598,52600000,157563598,110.0,R,September,"['Comedy', 'Crime', 'Drama']"
The Graduate,/title/tt0061722/?ref_=bo_cso_table_83,683,The Graduate,"$104,945,305",1967,0,245000000,104945305,69703,105015008,106.0,PG,December,"['Comedy', 'Drama', 'Romance']"
Pitch Perfect 3,/title/tt4765284/?ref_=bo_cso_table_84,684,Pitch Perfect 3,"$104,897,530",2017,19928525,245000000,104897530,80502815,185400345,93.0,PG-13,December,"['Comedy', 'Music']"
Phenomenon,/title/tt0117333/?ref_=bo_cso_table_85,685,Phenomenon,"$104,636,382",1996,16158901,245000000,104636382,47400000,152036382,123.0,PG,July,"['Drama', 'Fantasy', 'Romance', 'Sci-Fi']"
American Wedding,/title/tt0328828/?ref_=bo_cso_table_86,686,American Wedding,"$104,565,114",2003,33369440,245000000,104565114,128157821,232722935,96.0,R,August,['Comedy']
Road to Perdition,/title/tt0257044/?ref_=bo_cso_table_87,687,Road to Perdition,"$104,454,762",2002,22079481,245000000,104454762,76546716,181001478,117.0,R,July,"['Crime', 'Drama', 'Thriller']"
The Princess and the Frog,/title/tt0780521/?ref_=bo_cso_table_88,688,The Princess and the Frog,"$104,400,899",2009,786190,245000000,104400899,162644866,267045765,97.0,,November,"['Adventure', 'Animation', 'Comedy', 'Family', 'Fantasy', 'Musical', 'Romance']"
The Chronicles of Narnia: The Voyage of the Dawn Treader,/title/tt0980970/?ref_=bo_cso_table_89,689,The Chronicles of Narnia: The Voyage of the Dawn Treader,"$104,386,950",2010,24005069,245000000,104386950,311299267,415686217,113.0,PG,December,"['Adventure', 'Family', 'Fantasy']"
Daddy Day Care,/title/tt0317303/?ref_=bo_cso_table_90,690,Daddy Day Care,"$104,297,061",2003,27623580,245000000,104297061,60136806,164433867,92.0,PG,May,"['Comedy', 'Family']"
Daddy's Home 2,/title/tt5657846/?ref_=bo_cso_table_91,691,Daddy's Home 2,"$104,029,443",2017,29651193,245000000,104029443,76584381,180613824,100.0,PG-13,November,['Comedy']
Paranormal Activity 3,/title/tt1778304/?ref_=bo_cso_table_92,692,Paranormal Activity 3,"$104,028,807",2011,52568183,245000000,104028807,103011037,207039844,83.0,R,October,"['Horror', 'Mystery']"
Journey 2: The Mysterious Island,/title/tt1397514/?ref_=bo_cso_table_93,693,Journey 2: The Mysterious Island,"$103,860,290",2012,27335363,245000000,103860290,231400000,335260290,94.0,PG,January,"['Action', 'Adventure', 'Family', 'Fantasy', 'Sci-Fi']"
The Mule,/title/tt7959026/?ref_=bo_cso_table_94,694,The Mule,"$103,804,407",2018,17509431,245000000,103804407,71000000,174804407,116.0,R,December,"['Crime', 'Drama', 'Thriller']"
Dick Tracy,/title/tt0099422/?ref_=bo_cso_table_95,695,Dick Tracy,"$103,738,726",1990,22543911,245000000,103738726,59000000,162738726,105.0,,June,"['Action', 'Comedy', 'Crime', 'Music', 'Romance', 'Thriller']"
Rise of the Guardians,/title/tt1446192/?ref_=bo_cso_table_96,696,Rise of the Guardians,"$103,412,758",2012,23773465,245000000,103412758,203528912,306941670,97.0,PG,November,"['Action', 'Adventure', 'Animation', 'Comedy', 'Family', 'Fantasy', 'Sci-Fi']"
Dreamgirls,/title/tt0443489/?ref_=bo_cso_table_97,697,Dreamgirls,"$103,365,956",2006,378950,245000000,103365956,52064379,155430335,130.0,PG-13,December,"['Drama', 'Music', 'Musical']"
9 to 5,/title/tt0080319/?ref_=bo_cso_table_98,698,9 to 5,"$103,290,500",1980,3966832,245000000,103290500,9643,103300143,109.0,,December,['Comedy']
Independence Day: Resurgence,/title/tt1628841/?ref_=bo_cso_table_99,699,Independence Day: Resurgence,"$103,144,286",2016,41039944,245000000,103144286,286537649,389681935,,PG-13,June,"['Action', 'Adventure', 'Sci-Fi']"
The Expendables,/title/tt1320253/?ref_=bo_cso_table_100,700,The Expendables,"$103,068,524",2010,34825135,245000000,103068524,171401870,274470394,103.0,R,August,"['Action', 'Adventure', 'Thriller']"
Scream,/title/tt0117571/?ref_=bo_cso_table_101,701,Scream,"$103,046,663",1996,6354586,245000000,103046663,70000000,173046663,111.0,R,December,"['Horror', 'Mystery']"
Just Go with It,/title/tt1564367/?ref_=bo_cso_table_102,702,Just Go with It,"$103,028,109",2011,30514732,245000000,103028109,111917482,214945591,117.0,PG-13,February,"['Comedy', 'Romance']"
Murder on the Orient Express,/title/tt3402236/?ref_=bo_cso_table_103,703,Murder on the Orient Express,"$102,826,543",2017,28681472,245000000,102826543,249967538,352794081,114.0,PG-13,November,"['Crime', 'Drama', 'Mystery']"
The General's Daughter,/title/tt0144214/?ref_=bo_cso_table_104,704,The General's Daughter,"$102,705,852",1999,22332053,245000000,102705852,47000000,149705852,116.0,R,June,"['Crime', 'Drama', 'Mystery', 'Thriller']"
The Aviator,/title/tt0338751/?ref_=bo_cso_table_105,705,The Aviator,"$102,610,330",2004,858021,245000000,102610330,111109612,213719942,170.0,PG-13,December,"['Biography', 'Drama']"
American Pie,/title/tt0163651/?ref_=bo_cso_table_106,706,American Pie,"$102,561,004",1999,18709680,245000000,102561004,132922000,235483004,95.0,R,July,['Comedy']
Daredevil,/title/tt0287978/?ref_=bo_cso_table_107,707,Daredevil,"$102,543,518",2003,40310419,245000000,102543518,76636200,179179718,103.0,PG-13,February,"['Action', 'Crime']"
The Girl with the Dragon Tattoo,/title/tt1568346/?ref_=bo_cso_table_108,708,The Girl with the Dragon Tattoo,"$102,515,793",2011,12768604,245000000,102515793,130101637,232617430,158.0,R,December,"['Crime', 'Drama', 'Mystery', 'Thriller']"
The Mummy: Tomb of the Dragon Emperor,/title/tt0859163/?ref_=bo_cso_table_109,709,The Mummy: Tomb of the Dragon Emperor,"$102,491,776",2008,40457770,245000000,102491776,300958054,403449830,112.0,PG-13,July,"['Action', 'Adventure', 'Fantasy', 'Horror', 'War']"
The Conjuring 2,/title/tt3065204/?ref_=bo_cso_table_110,710,The Conjuring 2,"$102,470,008",2016,40406314,245000000,102470008,217922810,320392818,134.0,R,June,"['Horror', 'Mystery', 'Thriller']"
The Maze Runner,/title/tt1790864/?ref_=bo_cso_table_111,711,The Maze Runner,"$102,427,862",2014,32512804,245000000,102427862,245891999,348319861,113.0,PG-13,September,"['Action', 'Mystery', 'Sci-Fi', 'Thriller']"
In the Line of Fire,/title/tt0107206/?ref_=bo_cso_table_112,712,In the Line of Fire,"$102,314,823",1993,15269388,245000000,102314823,74682345,176997168,128.0,R,July,"['Action', 'Crime', 'Drama', 'Thriller']"
Butch Cassidy and the Sundance Kid,/title/tt0064115/?ref_=bo_cso_table_113,713,Butch Cassidy and the Sundance Kid,"$102,308,889",1969,0,245000000,102308889,1808,102310697,110.0,PG,September,"['Biography', 'Crime', 'Drama', 'Western']"
Mary Poppins,/title/tt0058331/?ref_=bo_cso_table_114,714,Mary Poppins,"$102,272,727",1964,0,245000000,102272727,809653,103082380,139.0,G,August,"['Comedy', 'Family', 'Fantasy', 'Musical']"
Bambi,/title/tt0034492/?ref_=bo_cso_table_115,715,Bambi,"$102,247,150",1942,0,245000000,102247150,165200000,267447150,70.0,G,August,"['Animation', 'Drama', 'Family']"
Annabelle: Creation,/title/tt5140878/?ref_=bo_cso_table_116,716,Annabelle: Creation,"$102,092,201",2017,35006404,245000000,102092201,204423683,306515884,109.0,R,August,"['Horror', 'Mystery', 'Thriller']"
The Equalizer 2,/title/tt3766354/?ref_=bo_cso_table_117,717,The Equalizer 2,"$102,084,362",2018,36011640,245000000,102084362,88315795,190400157,121.0,R,July,"['Action', 'Crime', 'Thriller']"
Jackass Presents: Bad Grandpa,/title/tt3063516/?ref_=bo_cso_table_118,718,Jackass Presents: Bad Grandpa,"$102,003,019",2013,32055177,245000000,102003019,49823528,151826547,92.0,R,October,['Comedy']
Pacific Rim,/title/tt1663662/?ref_=bo_cso_table_119,719,Pacific Rim,"$101,802,906",2013,37285325,245000000,101802906,309200000,411002906,131.0,PG-13,July,"['Action', 'Adventure', 'Sci-Fi']"
Journey to the Center of the Earth,/title/tt0373051/?ref_=bo_cso_table_120,720,Journey to the Center of the Earth,"$101,704,370",2008,21018141,245000000,101704370,142528318,244232688,93.0,PG,July,"['Action', 'Adventure', 'Family', 'Fantasy', 'Sci-Fi']"
Gone in 60 Seconds,/title/tt0187078/?ref_=bo_cso_table_121,721,Gone in 60 Seconds,"$101,648,571",2000,25336048,245000000,101648571,135553728,237202299,118.0,PG-13,June,"['Action', 'Crime', 'Thriller']"
Maverick,/title/tt0110478/?ref_=bo_cso_table_122,722,Maverick,"$101,631,272",1994,17248545,245000000,101631272,81400000,183031272,127.0,PG,May,"['Action', 'Adventure', 'Comedy', 'Thriller', 'Western']"
Sleeping with the Enemy,/title/tt0102945/?ref_=bo_cso_table_123,723,Sleeping with the Enemy,"$101,599,005",1991,13777943,245000000,101599005,73400000,174999005,99.0,R,February,"['Drama', 'Thriller']"
The Equalizer,/title/tt0455944/?ref_=bo_cso_table_124,724,The Equalizer,"$101,530,738",2014,34137828,245000000,101530738,90800000,192330738,132.0,R,September,"['Action', 'Crime', 'Thriller']"
This Is the End,/title/tt1245492/?ref_=bo_cso_table_125,725,This Is the End,"$101,470,202",2013,20719162,245000000,101470202,24571120,126041322,107.0,R,June,['Comedy']
Eagle Eye,/title/tt1059786/?ref_=bo_cso_table_126,726,Eagle Eye,"$101,440,743",2008,29150721,245000000,101440743,77326640,178767383,118.0,PG-13,September,"['Action', 'Mystery', 'Thriller']"
The Prince of Egypt,/title/tt0120794/?ref_=bo_cso_table_127,727,The Prince of Egypt,"$101,413,188",1998,14524321,245000000,101413188,117200000,218613188,99.0,PG,December,"['Adventure', 'Animation', 'Drama', 'Family', 'Fantasy', 'Musical']"
Scream 2,/title/tt0120082/?ref_=bo_cso_table_128,728,Scream 2,"$101,363,301",1997,32926342,245000000,101363301,71000000,172363301,,R,December,"['Horror', 'Mystery']"
Stir Crazy,/title/tt0081562/?ref_=bo_cso_table_129,729,Stir Crazy,"$101,300,000",1980,8691886,245000000,101300000,101300000,0,111.0,,December,"['Comedy', 'Crime']"
Eraser,/title/tt0116213/?ref_=bo_cso_table_130,730,Eraser,"$101,295,562",1996,24566446,245000000,101295562,141000000,242295562,115.0,R,June,"['Action', 'Drama', 'Thriller']"
Noah,/title/tt1959490/?ref_=bo_cso_table_131,731,Noah,"$101,200,044",2014,43720472,245000000,101200044,258000000,359200044,138.0,PG-13,March,"['Action', 'Adventure', 'Drama']"
Unforgiven,/title/tt0105695/?ref_=bo_cso_table_132,732,Unforgiven,"$101,157,447",1992,15018007,245000000,101157447,58000000,159157447,130.0,R,August,"['Drama', 'Western']"
The Cat in the Hat,/title/tt0312528/?ref_=bo_cso_table_133,733,The Cat in the Hat,"$101,149,285",2003,38329160,245000000,101149285,32811256,133960541,82.0,PG,November,"['Adventure', 'Comedy', 'Family', 'Fantasy']"
Con Air,/title/tt0118880/?ref_=bo_cso_table_134,734,Con Air,"$101,117,573",1997,24131738,245000000,101117573,122894661,224012234,115.0,R,June,"['Action', 'Crime', 'Thriller']"
Sleepy Hollow,/title/tt0162661/?ref_=bo_cso_table_135,735,Sleepy Hollow,"$101,071,502",1999,30060467,245000000,101071502,105000000,206071502,105.0,R,November,"['Fantasy', 'Horror', 'Mystery']"
Rampage,/title/tt2231461/?ref_=bo_cso_table_136,736,Rampage,"$101,028,233",2018,35753093,245000000,101028233,327000000,428028233,107.0,PG-13,April,"['Action', 'Adventure', 'Sci-Fi']"
Collateral,/title/tt0369339/?ref_=bo_cso_table_137,737,Collateral,"$101,005,703",2004,24701458,245000000,101005703,119920992,220926695,,R,August,"['Crime', 'Drama', 'Thriller']"
Contact,/title/tt0118884/?ref_=bo_cso_table_138,738,Contact,"$100,920,329",1997,20584908,245000000,100920329,70200000,171120329,150.0,PG,July,"['Drama', 'Mystery', 'Sci-Fi', 'Thriller']"
Charlie's Angels: Full Throttle,/title/tt0305357/?ref_=bo_cso_table_139,739,Charlie's Angels: Full Throttle,"$100,830,111",2003,37634221,245000000,100830111,158345677,259175788,106.0,PG-13,June,"['Action', 'Adventure', 'Comedy', 'Crime']"
The Pelican Brief,/title/tt0107798/?ref_=bo_cso_table_140,740,The Pelican Brief,"$100,768,056",1993,16864404,245000000,100768056,94500000,195268056,141.0,PG-13,December,"['Crime', 'Drama', 'Mystery', 'Thriller']"
Vanilla Sky,/title/tt0259711/?ref_=bo_cso_table_142,742,Vanilla Sky,"$100,618,344",2001,25015518,245000000,100618344,102769997,203388341,136.0,R,December,"['Fantasy', 'Mystery', 'Romance', 'Sci-Fi', 'Thriller']"
Arrival,/title/tt2543164/?ref_=bo_cso_table_143,743,Arrival,"$100,546,139",2016,24074047,245000000,100546139,102842047,203388186,116.0,PG-13,November,"['Drama', 'Sci-Fi']"
Due Date,/title/tt1231583/?ref_=bo_cso_table_144,744,Due Date,"$100,539,043",2010,32689406,245000000,100539043,111241781,211780824,95.0,R,November,"['Comedy', 'Drama']"
Jumanji,/title/tt0113497/?ref_=bo_cso_table_145,745,Jumanji,"$100,499,940",1995,11084370,245000000,100499940,162322000,262797249,104.0,PG,December,"['Adventure', 'Comedy', 'Family', 'Fantasy']"
The Rugrats Movie,/title/tt0134067/?ref_=bo_cso_table_146,746,The Rugrats Movie,"$100,494,675",1998,27321470,245000000,100494675,40400000,140894675,79.0,,November,"['Adventure', 'Animation', 'Comedy', 'Drama', 'Family', 'Musical']"
Million Dollar Baby,/title/tt0405159/?ref_=bo_cso_table_147,747,Million Dollar Baby,"$100,492,203",2004,179953,245000000,100492203,116271443,216763646,132.0,PG-13,December,"['Drama', 'Sport']"
Airport,/title/tt0065377/?ref_=bo_cso_table_148,748,Airport,"$100,489,151",1970,10000000,245000000,100489151,100489151,0,137.0,,March,"['Action', 'Drama', 'Thriller']"
A Wrinkle in Time,/title/tt1620680/?ref_=bo_cso_table_149,749,A Wrinkle in Time,"$100,478,608",2018,33123609,245000000,100478608,32197256,132675864,109.0,PG,March,"['Adventure', 'Family', 'Fantasy', 'Sci-Fi']"
Step Brothers,/title/tt0838283/?ref_=bo_cso_table_150,750,Step Brothers,"$100,468,793",2008,30940732,245000000,100468793,27639418,128108211,98.0,R,July,['Comedy']
Evan Almighty,/title/tt0413099/?ref_=bo_cso_table_151,751,Evan Almighty,"$100,462,298",2007,31192615,245000000,100462298,73978426,174440724,96.0,PG,June,"['Comedy', 'Family', 'Fantasy']"
Fifty Shades Freed,/title/tt4477536/?ref_=bo_cso_table_152,752,Fifty Shades Freed,"$100,407,760",2018,38560195,245000000,100407760,271577258,371985018,105.0,R,February,"['Drama', 'Romance', 'Thriller']"
Casper,/title/tt0112642/?ref_=bo_cso_table_153,753,Casper,"$100,328,194",1995,16840385,245000000,100328194,187600000,287928194,100.0,PG,May,"['Comedy', 'Family', 'Fantasy']"
Shakespeare in Love,/title/tt0138097/?ref_=bo_cso_table_154,754,Shakespeare in Love,"$100,317,794",1998,224012,245000000,100317794,189000000,289317794,123.0,R,December,"['Comedy', 'Drama', 'History', 'Romance']"
Bad Teacher,/title/tt1284575/?ref_=bo_cso_table_155,755,Bad Teacher,"$100,292,856",2011,31603106,245000000,100292856,115904636,216197492,92.0,R,June,"['Comedy', 'Romance']"
Yogi Bear,/title/tt1302067/?ref_=bo_cso_table_156,756,Yogi Bear,"$100,246,011",2010,16411322,245000000,100246011,103263363,203509374,81.0,PG,December,"['Adventure', 'Animation', 'Comedy', 'Family']"
Cowboys & Aliens,/title/tt0409847/?ref_=bo_cso_table_157,757,Cowboys & Aliens,"$100,240,551",2011,36431290,245000000,100240551,74581774,174822325,119.0,PG-13,July,"['Action', 'Sci-Fi', 'Thriller', 'Western']"
Kingsman: The Golden Circle,/title/tt4649466/?ref_=bo_cso_table_158,758,Kingsman: The Golden Circle,"$100,234,838",2017,39023010,245000000,100234838,310667824,410902662,141.0,R,September,"['Action', 'Adventure', 'Comedy', 'Crime', 'Thriller']"
Edge of Tomorrow,/title/tt1631867/?ref_=bo_cso_table_159,759,Edge of Tomorrow,"$100,206,256",2014,28760246,245000000,100206256,270335000,370541256,113.0,PG-13,May,"['Action', 'Adventure', 'Sci-Fi']"
The Hunchback of Notre Dame,/title/tt0116583/?ref_=bo_cso_table_160,760,The Hunchback of Notre Dame,"$100,138,851",1996,21037414,245000000,100138851,225200000,325338851,91.0,,June,"['Animation', 'Drama', 'Family', 'Musical', 'Romance']"
Se7en,/title/tt0114369/?ref_=bo_cso_table_161,761,Se7en,"$100,125,643",1995,13949807,245000000,100125643,227207916,327333559,127.0,R,September,"['Crime', 'Drama', 'Mystery', 'Thriller']"
Parenthood,/title/tt0098067/?ref_=bo_cso_table_162,762,Parenthood,"$100,047,830",1989,10506450,245000000,100047830,26250000,126297830,124.0,,August,"['Comedy', 'Drama']"
You Don't Mess with the Zohan,/title/tt0960144/?ref_=bo_cso_table_163,763,You Don't Mess with the Zohan,"$100,018,837",2008,38531374,245000000,100018837,104294563,204313400,113.0,PG-13,June,['Comedy']
Passengers,/title/tt1355644/?ref_=bo_cso_table_164,764,Passengers,"$100,014,699",2016,14869736,245000000,100014699,203129453,303144152,116.0,PG-13,December,"['Drama', 'Romance', 'Sci-Fi', 'Thriller']"
Die Hard with a Vengeance,/title/tt0112864/?ref_=bo_cso_table_165,765,Die Hard with a Vengeance,"$100,012,499",1995,22162245,245000000,100012499,266089167,366101666,128.0,R,May,"['Action', 'Adventure', 'Thriller']"
Gnomeo & Juliet,/title/tt0377981/?ref_=bo_cso_table_166,766,Gnomeo & Juliet,"$99,967,670",2011,25356909,245000000,99967670,94000000,193967670,84.0,,February,"['Adventure', 'Animation', 'Comedy', 'Family', 'Fantasy', 'Romance']"
Christopher Robin,/title/tt4575576/?ref_=bo_cso_table_167,767,Christopher Robin,"$99,215,042",2018,24585139,245000000,99215042,98529335,197744377,104.0,PG,August,"['Adventure', 'Comedy', 'Drama', 'Family', 'Fantasy']"
Hercules,/title/tt0119282/?ref_=bo_cso_table_168,768,Hercules,"$99,112,101",1997,249567,245000000,99112101,153600000,252712101,93.0,,June,"['Adventure', 'Animation', 'Comedy', 'Family', 'Fantasy', 'Musical', 'Romance']"
Olympus Has Fallen,/title/tt2302755/?ref_=bo_cso_table_169,769,Olympus Has Fallen,"$98,925,640",2013,30373794,245000000,98925640,71344561,170270201,119.0,R,March,"['Action', 'Thriller']"
The Green Hornet,/title/tt0990407/?ref_=bo_cso_table_170,770,The Green Hornet,"$98,780,042",2011,33526876,245000000,98780042,129037206,227817248,119.0,PG-13,January,"['Action', 'Comedy', 'Crime']"
Date Night,/title/tt1279935/?ref_=bo_cso_table_171,771,Date Night,"$98,711,404",2010,25207599,245000000,98711404,53552476,152263880,88.0,PG-13,April,"['Comedy', 'Crime', 'Romance', 'Thriller']"
The Color Purple,/title/tt0088939/?ref_=bo_cso_table_172,772,The Color Purple,"$98,467,863",1985,1710333,245000000,98467863,98467863,0,154.0,,December,['Drama']
Meet the Robinsons,/title/tt0396555/?ref_=bo_cso_table_173,773,Meet the Robinsons,"$97,822,171",2007,25123781,245000000,97822171,71510863,169333034,95.0,G,March,"['Adventure', 'Animation', 'Comedy', 'Family', 'Sci-Fi']"
Yes Man,/title/tt1068680/?ref_=bo_cso_table_174,774,Yes Man,"$97,690,976",2008,18262471,245000000,97690976,125550661,223241637,104.0,PG-13,December,"['Comedy', 'Romance']"
Sausage Party,/title/tt1700841/?ref_=bo_cso_table_175,775,Sausage Party,"$97,685,686",2016,34263534,245000000,97685686,43019636,140705322,89.0,R,August,"['Adventure', 'Animation', 'Comedy', 'Fantasy']"
Inspector Gadget,/title/tt0141369/?ref_=bo_cso_table_176,776,Inspector Gadget,"$97,403,112",1999,21889138,245000000,97403112,37000000,134403112,78.0,PG,July,"['Action', 'Adventure', 'Comedy', 'Crime', 'Family', 'Sci-Fi']"
Public Enemies,/title/tt1152836/?ref_=bo_cso_table_177,777,Public Enemies,"$97,104,620",2009,25271675,245000000,97104620,117000000,214104620,140.0,R,June,"['Biography', 'Crime', 'Drama', 'History']"
The Social Network,/title/tt1285016/?ref_=bo_cso_table_178,778,The Social Network,"$96,962,694",2010,22445653,245000000,96962694,127957681,224920375,,PG-13,October,"['Biography', 'Drama']"
Schindler's List,/title/tt0108052/?ref_=bo_cso_table_179,779,Schindler's List,"$96,898,818",1993,656636,245000000,96898818,225262427,322161245,195.0,R,December,"['Biography', 'Drama', 'History']"
Downton Abbey,/title/tt6398184/?ref_=bo_cso_table_180,780,Downton Abbey,"$96,854,135",2019,31033665,245000000,96854135,96966620,237860050,122.0,PG,September,"['Drama', 'Romance']"
The Others,/title/tt0230600/?ref_=bo_cso_table_181,781,The Others,"$96,522,687",2001,14089952,245000000,96522687,113424350,209947037,101.0,PG-13,August,"['Horror', 'Mystery', 'Thriller']"
Legally Blonde,/title/tt0250494/?ref_=bo_cso_table_182,782,Legally Blonde,"$96,520,674",2001,20377426,245000000,96520674,45254005,141774679,96.0,,July,"['Comedy', 'Romance']"
Panic Room,/title/tt0258000/?ref_=bo_cso_table_183,783,Panic Room,"$96,397,334",2002,30056751,245000000,96397334,100682212,197079546,112.0,R,March,"['Crime', 'Drama', 'Thriller']"
Rocketman,/title/tt2066051/?ref_=bo_cso_table_184,784,Rocketman,"$96,368,160",2019,25725722,245000000,96368160,98811139,195179299,121.0,R,May,"['Biography', 'Drama', 'Music', 'Musical']"
Dead Poets Society,/title/tt0097165/?ref_=bo_cso_table_185,785,Dead Poets Society,"$95,860,116",1989,340456,245000000,95860116,140000000,235860116,128.0,,June,"['Comedy', 'Drama']"
Zero Dark Thirty,/title/tt1790885/?ref_=bo_cso_table_186,786,Zero Dark Thirty,"$95,720,716",2012,417150,245000000,95720716,37100000,132820716,157.0,R,December,"['Drama', 'History', 'Thriller', 'War']"
Norbit,/title/tt0477051/?ref_=bo_cso_table_187,787,Norbit,"$95,673,607",2007,34195434,245000000,95673607,64140883,159814490,103.0,PG-13,February,"['Comedy', 'Romance']"
Cold Mountain,/title/tt0159365/?ref_=bo_cso_table_188,788,Cold Mountain,"$95,636,509",2003,14500000,245000000,95636509,77377000,173013509,154.0,R,December,"['Adventure', 'Drama', 'History', 'Romance', 'War']"
Arthur,/title/tt0082031/?ref_=bo_cso_table_189,789,Arthur,"$95,461,682",1981,2719534,245000000,95461682,95461682,0,97.0,,July,"['Comedy', 'Romance']"
Sex and the City 2,/title/tt1261945/?ref_=bo_cso_table_190,790,Sex and the City 2,"$95,347,692",2010,31001870,245000000,95347692,195397363,290745055,146.0,R,May,"['Comedy', 'Drama', 'Romance']"
Michael,/title/tt0117038/?ref_=bo_cso_table_191,791,Michael,"$95,318,203",1996,17435711,245000000,95318203,24400000,119718203,105.0,PG,December,"['Comedy', 'Drama', 'Fantasy']"
The Princess Diaries 2: Royal Engagement,/title/tt0368933/?ref_=bo_cso_table_192,792,The Princess Diaries 2: Royal Engagement,"$95,170,481",2004,22956453,245000000,95170481,39564000,134734481,113.0,,August,"['Comedy', 'Family', 'Romance']"
42,/title/tt0453562/?ref_=bo_cso_table_193,793,42,"$95,020,213",2013,27487144,245000000,95020213,2450488,97470701,128.0,PG-13,April,"['Biography', 'Drama', 'Sport']"
Unbreakable,/title/tt0217869/?ref_=bo_cso_table_194,794,Unbreakable,"$95,011,339",2000,30330771,245000000,95011339,153106782,248118121,106.0,PG-13,November,"['Drama', 'Mystery', 'Sci-Fi', 'Thriller']"
The Book of Eli,/title/tt1037705/?ref_=bo_cso_table_195,795,The Book of Eli,"$94,835,059",2010,32789494,245000000,94835059,62272696,157107755,118.0,R,January,"['Action', 'Adventure', 'Drama', 'Thriller']"
"10,000 BC",/title/tt0443649/?ref_=bo_cso_table_196,796,"10,000 BC","$94,784,201",2008,35867488,245000000,94784201,175000000,269784201,109.0,PG-13,March,"['Action', 'Adventure', 'Drama', 'Fantasy', 'History']"
Beverly Hills Chihuahua,/title/tt1014775/?ref_=bo_cso_table_197,797,Beverly Hills Chihuahua,"$94,514,402",2008,29300465,245000000,94514402,54778086,149292488,91.0,PG,September,"['Adventure', 'Comedy', 'Drama', 'Family', 'Romance']"
Saturday Night Fever,/title/tt0076666/?ref_=bo_cso_table_198,798,Saturday Night Fever,"$94,213,184",1977,3878099,245000000,94213184,142900000,237113184,118.0,R,December,"['Drama', 'Music']"
Julie & Julia,/title/tt1135503/?ref_=bo_cso_table_199,799,Julie & Julia,"$94,125,426",2009,20027956,245000000,94125426,35415096,129540522,123.0,PG-13,August,"['Biography', 'Drama', 'Romance']"
The Mask of Zorro,/title/tt0120746/?ref_=bo_cso_table_200,800,The Mask of Zorro,"$94,095,523",1998,22525855,245000000,94095523,156193000,250288523,136.0,PG-13,July,"['Action', 'Adventure', 'Comedy', 'Romance', 'Thriller', 'Western']"
